phenotype,population,model,fold,fold_label,mode,cv_strategy,json_path,test_correlation,metric__mean_inner_r,model_type,hidden_dims,dropout,batch_norm,lr,weight_decay,epochs,loss,optimizer,graph_mode,cutoff,grm_norm,self_loops,use_snp_selection,num_snps,sage_aggr,sage_normalize,sage_project,knn_k,weighted_edges,symmetrize_mode,source
body_mass,within,gcn_results,0,1,transductive,kfold,c:\Users\Simen\OneDrive - NTNU\FYSMAT\INDMAT\25H\Prosjekt\Project_thesis\outputs\nested_cv\body_mass\within\gcn_results.json,0.3839685284705575,0.2840562757484524,gcn,"(512, 128)",0.5358326090030332,True,0.0001493097732834319,4.3010745045540736e-07,104.0,mae,adam,cutoff,0.6975628181699862,gcn,False,False,,,,,,,,
body_mass,within,gcn_results,1,2,transductive,kfold,c:\Users\Simen\OneDrive - NTNU\FYSMAT\INDMAT\25H\Prosjekt\Project_thesis\outputs\nested_cv\body_mass\within\gcn_results.json,0.22305452835239506,0.3077853407165048,gcn,"(256, 128, 64)",0.5702752805089428,True,0.001921162005674319,2.7884880357421598e-05,52.0,mae,adam,cutoff,0.6503250294480852,gcn,False,False,,,,,,,,
body_mass,within,gcn_results,2,3,transductive,kfold,c:\Users\Simen\OneDrive - NTNU\FYSMAT\INDMAT\25H\Prosjekt\Project_thesis\outputs\nested_cv\body_mass\within\gcn_results.json,0.2386981517903675,0.2985981018923512,gcn,"(512, 256)",0.16221865213700454,True,0.00012276420476110258,0.0003737854250301636,68.0,mae,adam,cutoff,0.7954644894165629,cosine_then_gcn,True,True,49544.0,,,,,,,
body_mass,within,gcn_results,3,4,transductive,kfold,c:\Users\Simen\OneDrive - NTNU\FYSMAT\INDMAT\25H\Prosjekt\Project_thesis\outputs\nested_cv\body_mass\within\gcn_results.json,0.3072755207403129,0.2978012528173976,gcn,"(256, 128, 64)",0.504882811930969,True,0.0008438870582780945,0.0002087779091911122,40.0,mae,adam,cutoff,0.8996783862371694,gcn,False,True,35882.0,,,,,,,
body_mass,within,gcn_results,4,5,transductive,kfold,c:\Users\Simen\OneDrive - NTNU\FYSMAT\INDMAT\25H\Prosjekt\Project_thesis\outputs\nested_cv\body_mass\within\gcn_results.json,0.3430032354922445,0.29229824666895454,gcn,"(512, 128)",0.5677989622642371,True,3.968471939098054e-05,0.0007345569056708979,59.0,mae,adam,cutoff,0.6883194584241635,cosine_then_gcn,False,True,40461.0,,,,,,,
body_mass,within,gcn_results,5,6,transductive,kfold,c:\Users\Simen\OneDrive - NTNU\FYSMAT\INDMAT\25H\Prosjekt\Project_thesis\outputs\nested_cv\body_mass\within\gcn_results.json,0.23779779067844206,0.2997949033109354,gcn,"(512, 128)",0.5069694724007943,True,0.0005797428794132816,0.00019999472357949162,70.0,mae,adam,cutoff,0.8335203922595524,cosine_then_gcn,False,False,,,,,,,,
body_mass,within,gcn_results,6,7,transductive,kfold,c:\Users\Simen\OneDrive - NTNU\FYSMAT\INDMAT\25H\Prosjekt\Project_thesis\outputs\nested_cv\body_mass\within\gcn_results.json,0.22031998118372217,0.295144562546282,gcn,"(512, 256)",0.4253078328547382,False,1.224015330724162e-05,9.339961036423239e-05,184.0,mse,adam,cutoff,0.5312825626366493,none,False,True,25767.0,,,,,,,
body_mass,within,gcn_results,7,8,transductive,kfold,c:\Users\Simen\OneDrive - NTNU\FYSMAT\INDMAT\25H\Prosjekt\Project_thesis\outputs\nested_cv\body_mass\within\gcn_results.json,0.2184216010015371,0.29969653756334846,gcn,"(512, 64)",0.5516107270383143,True,1.7438930839187022e-05,4.9244042170003314e-05,209.0,mae,adam,cutoff,0.6338920332964021,cosine_then_gcn,False,True,21603.0,,,,,,,
body_mass,within,gcn_results,8,9,transductive,kfold,c:\Users\Simen\OneDrive - NTNU\FYSMAT\INDMAT\25H\Prosjekt\Project_thesis\outputs\nested_cv\body_mass\within\gcn_results.json,0.152721455034215,0.30501010443916743,gcn,"(512, 64)",0.589061465945563,True,0.008268829363995709,1.0353909045180503e-06,195.0,mse,adam,cutoff,0.7727394126128153,cosine,True,False,,,,,,,,
body_mass,within,gcn_results,9,10,transductive,kfold,c:\Users\Simen\OneDrive - NTNU\FYSMAT\INDMAT\25H\Prosjekt\Project_thesis\outputs\nested_cv\body_mass\within\gcn_results.json,0.34028153845042103,0.2971112464959694,gcn,"(512, 128)",0.1327699466964669,True,9.725182133606797e-05,0.0001123301007763376,200.0,mae,adam,cutoff,0.8542703520320456,gcn,True,True,44816.0,,,,,,,
body_mass,within,mlp_results,0,1,inductive,kfold,c:\Users\Simen\OneDrive - NTNU\FYSMAT\INDMAT\25H\Prosjekt\Project_thesis\outputs\nested_cv\body_mass\within\mlp_results.json,0.37707530083120455,0.2873714305310223,mlp,"(512, 256)",0.41828455830189654,False,5.410907750793963e-06,7.851536054998913e-07,154.0,mse,adam,off,,,,True,51266.0,,,,,,,
body_mass,within,mlp_results,1,2,inductive,kfold,c:\Users\Simen\OneDrive - NTNU\FYSMAT\INDMAT\25H\Prosjekt\Project_thesis\outputs\nested_cv\body_mass\within\mlp_results.json,0.24101221981561438,0.30725395164750197,mlp,"(512, 256)",0.5555959814753134,False,3.595949563594498e-06,0.0004947677283529998,343.0,mse,adam,off,,,,True,56140.0,,,,,,,
body_mass,within,mlp_results,2,3,inductive,kfold,c:\Users\Simen\OneDrive - NTNU\FYSMAT\INDMAT\25H\Prosjekt\Project_thesis\outputs\nested_cv\body_mass\within\mlp_results.json,0.2621734532027154,0.3057176100218867,mlp,"(512, 256)",0.34794711927212935,False,2.514677146862909e-06,0.0006615309662882202,189.0,mse,adam,off,,,,False,,,,,,,,
body_mass,within,mlp_results,3,4,inductive,kfold,c:\Users\Simen\OneDrive - NTNU\FYSMAT\INDMAT\25H\Prosjekt\Project_thesis\outputs\nested_cv\body_mass\within\mlp_results.json,0.33632165925819335,0.3025140777785166,mlp,"(512, 64)",0.2940442054047911,False,2.2365027011992993e-06,5.4832314885214426e-05,229.0,mse,adam,off,,,,False,,,,,,,,
body_mass,within,mlp_results,4,5,inductive,kfold,c:\Users\Simen\OneDrive - NTNU\FYSMAT\INDMAT\25H\Prosjekt\Project_thesis\outputs\nested_cv\body_mass\within\mlp_results.json,0.34950158510937596,0.29726499886717594,mlp,"(512, 64)",0.5619716476544935,False,5.77321513273104e-06,2.0131964236225988e-05,217.0,mse,adam,off,,,,False,,,,,,,,
body_mass,within,mlp_results,5,6,inductive,kfold,c:\Users\Simen\OneDrive - NTNU\FYSMAT\INDMAT\25H\Prosjekt\Project_thesis\outputs\nested_cv\body_mass\within\mlp_results.json,0.23617351930343536,0.3016673276975667,mlp,"(512, 64)",0.14505336736221927,True,5.8619638388111826e-05,6.200156172669308e-07,175.0,mse,adam,off,,,,False,,,,,,,,
body_mass,within,mlp_results,6,7,inductive,kfold,c:\Users\Simen\OneDrive - NTNU\FYSMAT\INDMAT\25H\Prosjekt\Project_thesis\outputs\nested_cv\body_mass\within\mlp_results.json,0.27387874227866377,0.30348553717700794,mlp,"(512, 64)",0.5691304423192273,False,3.028892642897111e-06,1.9035031815319967e-07,221.0,mse,adam,off,,,,False,,,,,,,,
body_mass,within,mlp_results,7,8,inductive,kfold,c:\Users\Simen\OneDrive - NTNU\FYSMAT\INDMAT\25H\Prosjekt\Project_thesis\outputs\nested_cv\body_mass\within\mlp_results.json,0.19591377313222574,0.30504323694695823,mlp,"(512, 128)",0.5399226860103415,False,7.264675761033936e-06,3.3934162648842182e-06,187.0,mse,adam,off,,,,True,33071.0,,,,,,,
body_mass,within,mlp_results,8,9,inductive,kfold,c:\Users\Simen\OneDrive - NTNU\FYSMAT\INDMAT\25H\Prosjekt\Project_thesis\outputs\nested_cv\body_mass\within\mlp_results.json,0.19112019430895086,0.3104019414454807,mlp,"(512, 256)",0.21307019357671178,False,8.423519345601025e-06,0.00021259493314592637,82.0,mse,adam,off,,,,True,55223.0,,,,,,,
body_mass,within,mlp_results,9,10,inductive,kfold,c:\Users\Simen\OneDrive - NTNU\FYSMAT\INDMAT\25H\Prosjekt\Project_thesis\outputs\nested_cv\body_mass\within\mlp_results.json,0.3161936705452829,0.3029190495520343,mlp,"(512, 256)",0.49674257683120193,False,6.491319533473514e-06,4.71834026198471e-07,104.0,mse,adam,off,,,,True,48043.0,,,,,,,
body_mass,within,sage_inductive_results,0,1,inductive,kfold,c:\Users\Simen\OneDrive - NTNU\FYSMAT\INDMAT\25H\Prosjekt\Project_thesis\outputs\nested_cv\body_mass\within\sage_inductive_results.json,0.35219900243809266,0.286811195756391,graphsage,"(512, 256)",0.13555745196738692,True,7.477019184746412e-05,0.000115561102326897,223.0,mse,adam,cutoff,0.4748701593214047,gcn,True,False,,mean,True,False,,,,
body_mass,within,sage_inductive_results,1,2,inductive,kfold,c:\Users\Simen\OneDrive - NTNU\FYSMAT\INDMAT\25H\Prosjekt\Project_thesis\outputs\nested_cv\body_mass\within\sage_inductive_results.json,0.27553529080384886,0.3002692130183666,graphsage,"(256, 128)",0.5635046743845596,True,1.4701481076704894e-05,0.0005171121868098134,40.0,mse,adam,cutoff,0.7614791862761687,gcn,True,False,,max,False,False,,,,
body_mass,within,sage_inductive_results,2,3,inductive,kfold,c:\Users\Simen\OneDrive - NTNU\FYSMAT\INDMAT\25H\Prosjekt\Project_thesis\outputs\nested_cv\body_mass\within\sage_inductive_results.json,0.22528227004100476,0.30318542807592097,graphsage,"(512, 128)",0.1492983304422014,True,3.9861863740205454e-05,0.00014634258418957626,317.0,mse,adam,cutoff,0.8942730838611942,gcn,False,False,,mean,True,False,,,,
body_mass,within,sage_inductive_results,3,4,inductive,kfold,c:\Users\Simen\OneDrive - NTNU\FYSMAT\INDMAT\25H\Prosjekt\Project_thesis\outputs\nested_cv\body_mass\within\sage_inductive_results.json,0.30462120719450847,0.29785602291757357,graphsage,"(256, 128, 64)",0.48912441122161643,True,0.002252137674999671,4.2648409711339974e-07,41.0,mse,adam,cutoff,0.5558135637235015,cosine_then_gcn,True,False,,mean,False,False,,,,
body_mass,within,sage_inductive_results,4,5,inductive,kfold,c:\Users\Simen\OneDrive - NTNU\FYSMAT\INDMAT\25H\Prosjekt\Project_thesis\outputs\nested_cv\body_mass\within\sage_inductive_results.json,0.3190773136780372,0.29171594113557,graphsage,"(512, 256)",0.4040092960994884,False,1.2483433849203596e-05,1.822412024809984e-07,231.0,mae,adam,cutoff,0.5636178503305788,gcn,False,False,,mean,False,False,,,,
body_mass,within,sage_inductive_results,5,6,inductive,kfold,c:\Users\Simen\OneDrive - NTNU\FYSMAT\INDMAT\25H\Prosjekt\Project_thesis\outputs\nested_cv\body_mass\within\sage_inductive_results.json,0.23268856677693237,0.30253482888050814,graphsage,"(512, 256)",0.20604080242133557,True,2.9740780038949984e-05,4.607876984256184e-06,173.0,mae,adam,cutoff,0.6956296068616692,cosine_then_gcn,False,True,48583.0,max,False,False,,,,
body_mass,within,sage_inductive_results,6,7,inductive,kfold,c:\Users\Simen\OneDrive - NTNU\FYSMAT\INDMAT\25H\Prosjekt\Project_thesis\outputs\nested_cv\body_mass\within\sage_inductive_results.json,0.25188337228236074,0.30234838046840756,graphsage,"(512, 256)",0.12735700086043666,True,9.928462717407553e-05,1.471486254720434e-05,125.0,mae,adam,cutoff,0.4356311454790245,cosine_then_gcn,False,True,55970.0,mean,True,False,,,,
body_mass,within,sage_inductive_results,7,8,inductive,kfold,c:\Users\Simen\OneDrive - NTNU\FYSMAT\INDMAT\25H\Prosjekt\Project_thesis\outputs\nested_cv\body_mass\within\sage_inductive_results.json,0.22255547354723768,0.298585762684554,graphsage,"(256, 128, 64)",0.5342759376390842,True,0.007906616162989348,7.282238552822e-06,47.0,mae,adam,cutoff,0.6242293403459821,none,True,True,32867.0,mean,False,False,,,,
body_mass,within,sage_inductive_results,8,9,inductive,kfold,c:\Users\Simen\OneDrive - NTNU\FYSMAT\INDMAT\25H\Prosjekt\Project_thesis\outputs\nested_cv\body_mass\within\sage_inductive_results.json,0.1719385842228581,0.30759257673960805,graphsage,"(128, 64)",0.5509664926730731,True,0.0031998049796047733,2.1174790782414427e-06,44.0,mse,adam,cutoff,0.6549321882777057,gcn,True,False,,max,False,False,,,,
body_mass,within,sage_inductive_results,9,10,inductive,kfold,c:\Users\Simen\OneDrive - NTNU\FYSMAT\INDMAT\25H\Prosjekt\Project_thesis\outputs\nested_cv\body_mass\within\sage_inductive_results.json,0.3472013547553777,0.29604572497846465,graphsage,"(512, 128)",0.23662082926390993,True,3.460272026080072e-05,5.879211756580576e-05,307.0,mse,adam,cutoff,0.5693211274521683,gcn,False,True,37198.0,mean,False,False,,,,
body_mass,within,sage_results,0,1,transductive,kfold,c:\Users\Simen\OneDrive - NTNU\FYSMAT\INDMAT\25H\Prosjekt\Project_thesis\outputs\nested_cv\body_mass\within\sage_results.json,0.3838700764385503,0.28832115134996583,graphsage,"(512, 256)",0.24150876121280374,False,4.0770268874866224e-05,1.6884790724747503e-05,184.0,mse,adam,cutoff,0.522561163795182,none,False,True,55299.0,max,False,False,,,,
body_mass,within,sage_results,1,2,transductive,kfold,c:\Users\Simen\OneDrive - NTNU\FYSMAT\INDMAT\25H\Prosjekt\Project_thesis\outputs\nested_cv\body_mass\within\sage_results.json,0.2572406232589873,0.3107020514662844,graphsage,"(128, 64)",0.4402294447338479,False,1.7296579300430808e-05,8.27760419414054e-07,171.0,mse,adam,cutoff,0.5740675559407559,cosine_then_gcn,True,True,38798.0,mean,False,False,,,,
body_mass,within,sage_results,2,3,transductive,kfold,c:\Users\Simen\OneDrive - NTNU\FYSMAT\INDMAT\25H\Prosjekt\Project_thesis\outputs\nested_cv\body_mass\within\sage_results.json,0.20792569972260144,0.3033334111480429,graphsage,"(512, 64)",0.19811524409477724,False,1.2630678268209502e-05,3.6080889010268853e-06,252.0,mse,adam,cutoff,0.37141560180873184,none,True,True,44451.0,max,False,False,,,,
body_mass,within,sage_results,3,4,transductive,kfold,c:\Users\Simen\OneDrive - NTNU\FYSMAT\INDMAT\25H\Prosjekt\Project_thesis\outputs\nested_cv\body_mass\within\sage_results.json,0.3200778079903153,0.3015473146121664,graphsage,"(512, 64)",0.14426408974951105,False,1.1993888324453044e-05,2.9607182065942083e-07,125.0,mse,adam,cutoff,0.4134737318035521,gcn,False,True,23714.0,max,False,False,,,,
body_mass,within,sage_results,4,5,transductive,kfold,c:\Users\Simen\OneDrive - NTNU\FYSMAT\INDMAT\25H\Prosjekt\Project_thesis\outputs\nested_cv\body_mass\within\sage_results.json,0.29768282666308876,0.293433201334795,graphsage,"(512, 128)",0.5525219522338564,False,1.0203949302947283e-05,5.815130177978576e-06,158.0,mse,adam,knn,,,True,True,24533.0,mean,False,False,8.0,True,mutual,
body_mass,within,sage_results,5,6,transductive,kfold,c:\Users\Simen\OneDrive - NTNU\FYSMAT\INDMAT\25H\Prosjekt\Project_thesis\outputs\nested_cv\body_mass\within\sage_results.json,0.2721419642034664,0.30385120725531234,graphsage,"(512, 128)",0.26419208962031376,False,1.7012710450291044e-05,2.821442467755367e-05,153.0,mse,adam,cutoff,0.5783424505990722,none,False,False,,mean,False,False,,,,
body_mass,within,sage_results,6,7,transductive,kfold,c:\Users\Simen\OneDrive - NTNU\FYSMAT\INDMAT\25H\Prosjekt\Project_thesis\outputs\nested_cv\body_mass\within\sage_results.json,0.23638213609450798,0.30762353460187775,graphsage,"(512, 64)",0.21473471751194362,False,2.0323306244687407e-05,2.6680647145464233e-05,145.0,mse,adam,cutoff,0.37965749628045037,gcn,False,True,24607.0,max,False,False,,,,
body_mass,within,sage_results,7,8,transductive,kfold,c:\Users\Simen\OneDrive - NTNU\FYSMAT\INDMAT\25H\Prosjekt\Project_thesis\outputs\nested_cv\body_mass\within\sage_results.json,0.178592519134363,0.30135334402070546,graphsage,"(512, 128)",0.12639428237045292,False,2.3858905811091662e-05,3.851890289931236e-06,64.0,mse,adam,cutoff,0.7141068770598304,gcn,False,True,22479.0,mean,False,False,,,,
body_mass,within,sage_results,8,9,transductive,kfold,c:\Users\Simen\OneDrive - NTNU\FYSMAT\INDMAT\25H\Prosjekt\Project_thesis\outputs\nested_cv\body_mass\within\sage_results.json,0.13930341393829954,0.3108553635977116,graphsage,"(512, 128)",0.13368092170635665,False,1.401967762372116e-05,1.7896941445936962e-07,242.0,mse,adam,cutoff,0.4564554978117475,gcn,True,True,12452.0,max,False,False,,,,
body_mass,within,sage_results,9,10,transductive,kfold,c:\Users\Simen\OneDrive - NTNU\FYSMAT\INDMAT\25H\Prosjekt\Project_thesis\outputs\nested_cv\body_mass\within\sage_results.json,0.3142626534523701,0.305397681020213,graphsage,"(512, 256)",0.28325806442333495,False,3.691163683727225e-05,2.28831440309989e-06,167.0,mse,adam,cutoff,0.43258059442253066,gcn,False,True,33720.0,max,False,False,,,,
body_mass,loio,ens_sage_results,0,1,inductive_ensemble,leave_island_out,c:\Users\Simen\OneDrive - NTNU\FYSMAT\INDMAT\25H\Prosjekt\Project_thesis\outputs\nested_cv\body_mass\loio\ens_sage_results.json,0.2286693919590041,,,,,,,,,,,,,,,,,,,,,,,
body_mass,loio,ens_sage_results,1,2,inductive_ensemble,leave_island_out,c:\Users\Simen\OneDrive - NTNU\FYSMAT\INDMAT\25H\Prosjekt\Project_thesis\outputs\nested_cv\body_mass\loio\ens_sage_results.json,0.45352806091621567,,,,,,,,,,,,,,,,,,,,,,,
body_mass,loio,ens_sage_results,2,3,inductive_ensemble,leave_island_out,c:\Users\Simen\OneDrive - NTNU\FYSMAT\INDMAT\25H\Prosjekt\Project_thesis\outputs\nested_cv\body_mass\loio\ens_sage_results.json,0.15869845702434546,,,,,,,,,,,,,,,,,,,,,,,
body_mass,loio,ens_sage_results,3,4,inductive_ensemble,leave_island_out,c:\Users\Simen\OneDrive - NTNU\FYSMAT\INDMAT\25H\Prosjekt\Project_thesis\outputs\nested_cv\body_mass\loio\ens_sage_results.json,0.21506814627785678,,,,,,,,,,,,,,,,,,,,,,,
body_mass,loio,ens_sage_results,4,5,inductive_ensemble,leave_island_out,c:\Users\Simen\OneDrive - NTNU\FYSMAT\INDMAT\25H\Prosjekt\Project_thesis\outputs\nested_cv\body_mass\loio\ens_sage_results.json,0.17339738716981962,,,,,,,,,,,,,,,,,,,,,,,
body_mass,loio,ens_sage_results,5,6,inductive_ensemble,leave_island_out,c:\Users\Simen\OneDrive - NTNU\FYSMAT\INDMAT\25H\Prosjekt\Project_thesis\outputs\nested_cv\body_mass\loio\ens_sage_results.json,0.13025849634884246,,,,,,,,,,,,,,,,,,,,,,,
body_mass,loio,ens_sage_results,6,7,inductive_ensemble,leave_island_out,c:\Users\Simen\OneDrive - NTNU\FYSMAT\INDMAT\25H\Prosjekt\Project_thesis\outputs\nested_cv\body_mass\loio\ens_sage_results.json,0.15410288910288272,,,,,,,,,,,,,,,,,,,,,,,
body_mass,loio,ens_sage_results,7,8,inductive_ensemble,leave_island_out,c:\Users\Simen\OneDrive - NTNU\FYSMAT\INDMAT\25H\Prosjekt\Project_thesis\outputs\nested_cv\body_mass\loio\ens_sage_results.json,0.005192809470653559,,,,,,,,,,,,,,,,,,,,,,,
body_mass,loio,ens_sage_results,8,9,inductive_ensemble,leave_island_out,c:\Users\Simen\OneDrive - NTNU\FYSMAT\INDMAT\25H\Prosjekt\Project_thesis\outputs\nested_cv\body_mass\loio\ens_sage_results.json,0.34139962550487174,,,,,,,,,,,,,,,,,,,,,,,
body_mass,loio,ens_sage_results,9,10,inductive_ensemble,leave_island_out,c:\Users\Simen\OneDrive - NTNU\FYSMAT\INDMAT\25H\Prosjekt\Project_thesis\outputs\nested_cv\body_mass\loio\ens_sage_results.json,0.11547346774191312,,,,,,,,,,,,,,,,,,,,,,,
body_mass,loio,ens_sage_results,10,11,inductive_ensemble,leave_island_out,c:\Users\Simen\OneDrive - NTNU\FYSMAT\INDMAT\25H\Prosjekt\Project_thesis\outputs\nested_cv\body_mass\loio\ens_sage_results.json,0.14820225070407722,,,,,,,,,,,,,,,,,,,,,,,
body_mass,loio,gcn_inductive_results,0,1,inductive,leave_island_out,c:\Users\Simen\OneDrive - NTNU\FYSMAT\INDMAT\25H\Prosjekt\Project_thesis\outputs\nested_cv\body_mass\loio\gcn_inductive_results.json,0.18536741233623796,0.21942752328094026,gcn,"(512, 64)",0.11028133875321598,False,8.626097504365459e-05,1.1744971150673658e-06,157.0,mae,adam,cutoff,0.7222100741182207,cosine_then_gcn,True,False,,,,,,,,
body_mass,loio,gcn_inductive_results,1,2,inductive,leave_island_out,c:\Users\Simen\OneDrive - NTNU\FYSMAT\INDMAT\25H\Prosjekt\Project_thesis\outputs\nested_cv\body_mass\loio\gcn_inductive_results.json,0.38366221325085864,0.19718353174791886,gcn,"(512, 64)",0.4822854168992966,False,2.8928669380350575e-05,5.329155014976128e-07,164.0,mae,adam,cutoff,0.6507075377314184,cosine_then_gcn,False,False,,,,,,,,
body_mass,loio,gcn_inductive_results,2,3,inductive,leave_island_out,c:\Users\Simen\OneDrive - NTNU\FYSMAT\INDMAT\25H\Prosjekt\Project_thesis\outputs\nested_cv\body_mass\loio\gcn_inductive_results.json,0.167794984772024,0.2273817160517681,gcn,"(512, 128)",0.16034745963302202,False,0.00024165065369535253,2.502562441979379e-07,251.0,mse,adam,cutoff,0.861767181884435,none,False,False,,,,,,,,
body_mass,loio,gcn_inductive_results,3,4,inductive,leave_island_out,c:\Users\Simen\OneDrive - NTNU\FYSMAT\INDMAT\25H\Prosjekt\Project_thesis\outputs\nested_cv\body_mass\loio\gcn_inductive_results.json,0.1858077829894086,0.21606153794743924,gcn,"(512, 256)",0.4085108360407905,True,5.255977387208328e-05,1.1333558463861359e-05,206.0,mse,adam,cutoff,0.7751953442085204,gcn,True,False,,,,,,,,
body_mass,loio,gcn_inductive_results,4,5,inductive,leave_island_out,c:\Users\Simen\OneDrive - NTNU\FYSMAT\INDMAT\25H\Prosjekt\Project_thesis\outputs\nested_cv\body_mass\loio\gcn_inductive_results.json,0.10289630500778624,0.219196451321577,gcn,"(512, 128)",0.35606051022646695,False,7.125994799516542e-05,0.00025326533100295255,107.0,mse,adam,cutoff,0.8116833558416683,cosine_then_gcn,True,False,,,,,,,,
body_mass,loio,gcn_inductive_results,5,6,inductive,leave_island_out,c:\Users\Simen\OneDrive - NTNU\FYSMAT\INDMAT\25H\Prosjekt\Project_thesis\outputs\nested_cv\body_mass\loio\gcn_inductive_results.json,0.15730324083226035,0.19840266651586896,gcn,"(512, 64)",0.1569528308378857,False,7.692801077634902e-05,6.708020415141962e-07,135.0,mse,adam,cutoff,0.8253559133882249,none,True,False,,,,,,,,
body_mass,loio,gcn_inductive_results,6,7,inductive,leave_island_out,c:\Users\Simen\OneDrive - NTNU\FYSMAT\INDMAT\25H\Prosjekt\Project_thesis\outputs\nested_cv\body_mass\loio\gcn_inductive_results.json,0.27065127440942033,0.21483458245464337,gcn,"(512, 64)",0.5759420430000035,False,4.211879416051111e-05,4.469227150038404e-06,228.0,mae,adam,cutoff,0.8963459759413491,cosine,True,False,,,,,,,,
body_mass,loio,gcn_inductive_results,7,8,inductive,leave_island_out,c:\Users\Simen\OneDrive - NTNU\FYSMAT\INDMAT\25H\Prosjekt\Project_thesis\outputs\nested_cv\body_mass\loio\gcn_inductive_results.json,-0.004816047506538637,0.24930153245294404,gcn,"(512, 64)",0.53218009653703,True,0.00031002139265335433,3.7182950135943547e-07,142.0,mae,adam,cutoff,0.6063890769451763,gcn,False,False,,,,,,,,
body_mass,loio,gcn_inductive_results,8,9,inductive,leave_island_out,c:\Users\Simen\OneDrive - NTNU\FYSMAT\INDMAT\25H\Prosjekt\Project_thesis\outputs\nested_cv\body_mass\loio\gcn_inductive_results.json,0.31952655102017685,0.19811573873805025,gcn,"(256, 128)",0.2577686143184498,True,8.831478370095246e-05,2.123796325605602e-05,154.0,mae,adam,cutoff,0.8456475918971652,cosine_then_gcn,True,False,,,,,,,,
body_mass,loio,gcn_inductive_results,9,10,inductive,leave_island_out,c:\Users\Simen\OneDrive - NTNU\FYSMAT\INDMAT\25H\Prosjekt\Project_thesis\outputs\nested_cv\body_mass\loio\gcn_inductive_results.json,0.08471854101173225,0.22515296576297641,gcn,"(512, 128)",0.5412076714467521,True,7.94972923698525e-05,1.6295998898200701e-06,234.0,mae,adam,cutoff,0.777774569531126,cosine,True,False,,,,,,,,
body_mass,loio,gcn_inductive_results,10,11,inductive,leave_island_out,c:\Users\Simen\OneDrive - NTNU\FYSMAT\INDMAT\25H\Prosjekt\Project_thesis\outputs\nested_cv\body_mass\loio\gcn_inductive_results.json,0.2017239770592891,0.21392015492952354,gcn,"(512, 128)",0.15452636332045092,False,0.00010854591023117004,7.236133130918571e-05,107.0,mse,adam,cutoff,0.5741906219777104,none,False,False,,,,,,,,
body_mass,loio,gcn_results,0,1,transductive,leave_island_out,c:\Users\Simen\OneDrive - NTNU\FYSMAT\INDMAT\25H\Prosjekt\Project_thesis\outputs\nested_cv\body_mass\loio\gcn_results.json,0.25186158493832417,0.2002528212832284,gcn,"(256, 128)",0.43992409483000117,False,0.00012673674065889542,5.416485882805271e-06,292.0,mse,adam,cutoff,0.8221271868755355,gcn,False,False,,,,,,,,
body_mass,loio,gcn_results,1,2,transductive,leave_island_out,c:\Users\Simen\OneDrive - NTNU\FYSMAT\INDMAT\25H\Prosjekt\Project_thesis\outputs\nested_cv\body_mass\loio\gcn_results.json,0.20594452243791372,0.1938599234401745,gcn,"(512, 256)",0.45709658386839463,False,3.475332789461136e-05,4.1060179326385646e-07,153.0,mae,adam,knn,,,,True,8996.0,,,,7.0,False,union,grm
body_mass,loio,gcn_results,2,3,transductive,leave_island_out,c:\Users\Simen\OneDrive - NTNU\FYSMAT\INDMAT\25H\Prosjekt\Project_thesis\outputs\nested_cv\body_mass\loio\gcn_results.json,0.1615350059905673,0.21958934538840852,gcn,"(512, 256)",0.4897148650800657,False,4.865240160227505e-05,2.8251006099275373e-06,176.0,mse,adam,cutoff,0.7233110681860087,gcn,False,True,54397.0,,,,,,,
body_mass,loio,gcn_results,3,4,transductive,leave_island_out,c:\Users\Simen\OneDrive - NTNU\FYSMAT\INDMAT\25H\Prosjekt\Project_thesis\outputs\nested_cv\body_mass\loio\gcn_results.json,0.20941651704689793,0.2060722427991269,gcn,"(512, 64)",0.5851427021188239,False,3.414794782899591e-05,3.530580530855834e-05,337.0,mse,adam,cutoff,0.8382651428657573,cosine,True,True,53461.0,,,,,,,
body_mass,loio,gcn_results,4,5,transductive,leave_island_out,c:\Users\Simen\OneDrive - NTNU\FYSMAT\INDMAT\25H\Prosjekt\Project_thesis\outputs\nested_cv\body_mass\loio\gcn_results.json,0.06186391087851428,0.2252931716210324,gcn,"(512, 64)",0.5094843052310678,False,3.692849425850417e-05,6.838984413535131e-07,124.0,mse,adam,cutoff,0.5884052573511843,gcn,False,True,39727.0,,,,,,,
body_mass,loio,gcn_results,5,6,transductive,leave_island_out,c:\Users\Simen\OneDrive - NTNU\FYSMAT\INDMAT\25H\Prosjekt\Project_thesis\outputs\nested_cv\body_mass\loio\gcn_results.json,0.12874540099825613,0.20253009217805906,gcn,"(512, 256)",0.4055419239178221,False,2.10237619698733e-05,7.071512183215949e-06,144.0,mse,adam,cutoff,0.7167962235821692,none,True,True,29412.0,,,,,,,
body_mass,loio,gcn_results,6,7,transductive,leave_island_out,c:\Users\Simen\OneDrive - NTNU\FYSMAT\INDMAT\25H\Prosjekt\Project_thesis\outputs\nested_cv\body_mass\loio\gcn_results.json,0.2412303048373474,0.1983807773174016,gcn,"(512, 128)",0.5072158736420113,False,0.0005420887646950755,9.00615031462239e-07,341.0,mse,adam,cutoff,0.8019440082507969,cosine_then_gcn,True,False,,,,,,,,
body_mass,loio,gcn_results,7,8,transductive,leave_island_out,c:\Users\Simen\OneDrive - NTNU\FYSMAT\INDMAT\25H\Prosjekt\Project_thesis\outputs\nested_cv\body_mass\loio\gcn_results.json,0.003365881312283616,0.26446638969779857,gcn,"(512, 64)",0.4955452919692732,False,3.526977153932775e-05,4.2214341531544256e-05,206.0,mse,adam,cutoff,0.568644244863189,none,True,True,57880.0,,,,,,,
body_mass,loio,gcn_results,8,9,transductive,leave_island_out,c:\Users\Simen\OneDrive - NTNU\FYSMAT\INDMAT\25H\Prosjekt\Project_thesis\outputs\nested_cv\body_mass\loio\gcn_results.json,0.3097898326521111,0.19777282928305592,gcn,"(256, 128, 64)",0.16682889731985032,False,2.492113288893167e-05,0.0006869176780712106,213.0,mse,adam,cutoff,0.8819495067809748,cosine,False,False,,,,,,,,
body_mass,loio,gcn_results,9,10,transductive,leave_island_out,c:\Users\Simen\OneDrive - NTNU\FYSMAT\INDMAT\25H\Prosjekt\Project_thesis\outputs\nested_cv\body_mass\loio\gcn_results.json,0.136915069146378,0.22750918927435956,gcn,"(512, 64)",0.5845405350966137,False,2.4000504237921434e-05,1.1089192831268423e-05,304.0,mae,adam,cutoff,0.7842927284296122,cosine,True,False,,,,,,,,
body_mass,loio,gcn_results,10,11,transductive,leave_island_out,c:\Users\Simen\OneDrive - NTNU\FYSMAT\INDMAT\25H\Prosjekt\Project_thesis\outputs\nested_cv\body_mass\loio\gcn_results.json,0.013096881144221745,0.21187585514319823,gcn,"(512, 256)",0.3308087442571462,False,1.106099658695129e-05,2.3508982452405653e-05,164.0,mae,adam,knn,,,,False,,,,,8.0,True,union,grm
body_mass,loio,mlp_ens_results,0,1,inductive_ensemble,leave_island_out,c:\Users\Simen\OneDrive - NTNU\FYSMAT\INDMAT\25H\Prosjekt\Project_thesis\outputs\nested_cv\body_mass\loio\mlp_ens_results.json,0.25535611164506056,,,,,,,,,,,,,,,,,,,,,,,
body_mass,loio,mlp_ens_results,1,2,inductive_ensemble,leave_island_out,c:\Users\Simen\OneDrive - NTNU\FYSMAT\INDMAT\25H\Prosjekt\Project_thesis\outputs\nested_cv\body_mass\loio\mlp_ens_results.json,0.3172153492937142,,,,,,,,,,,,,,,,,,,,,,,
body_mass,loio,mlp_ens_results,2,3,inductive_ensemble,leave_island_out,c:\Users\Simen\OneDrive - NTNU\FYSMAT\INDMAT\25H\Prosjekt\Project_thesis\outputs\nested_cv\body_mass\loio\mlp_ens_results.json,0.18694300564468858,,,,,,,,,,,,,,,,,,,,,,,
body_mass,loio,mlp_ens_results,3,4,inductive_ensemble,leave_island_out,c:\Users\Simen\OneDrive - NTNU\FYSMAT\INDMAT\25H\Prosjekt\Project_thesis\outputs\nested_cv\body_mass\loio\mlp_ens_results.json,0.21323587030787416,,,,,,,,,,,,,,,,,,,,,,,
body_mass,loio,mlp_ens_results,4,5,inductive_ensemble,leave_island_out,c:\Users\Simen\OneDrive - NTNU\FYSMAT\INDMAT\25H\Prosjekt\Project_thesis\outputs\nested_cv\body_mass\loio\mlp_ens_results.json,0.1348189918038087,,,,,,,,,,,,,,,,,,,,,,,
body_mass,loio,mlp_ens_results,5,6,inductive_ensemble,leave_island_out,c:\Users\Simen\OneDrive - NTNU\FYSMAT\INDMAT\25H\Prosjekt\Project_thesis\outputs\nested_cv\body_mass\loio\mlp_ens_results.json,0.15263949417444267,,,,,,,,,,,,,,,,,,,,,,,
body_mass,loio,mlp_ens_results,6,7,inductive_ensemble,leave_island_out,c:\Users\Simen\OneDrive - NTNU\FYSMAT\INDMAT\25H\Prosjekt\Project_thesis\outputs\nested_cv\body_mass\loio\mlp_ens_results.json,0.28854955456087733,,,,,,,,,,,,,,,,,,,,,,,
body_mass,loio,mlp_ens_results,7,8,inductive_ensemble,leave_island_out,c:\Users\Simen\OneDrive - NTNU\FYSMAT\INDMAT\25H\Prosjekt\Project_thesis\outputs\nested_cv\body_mass\loio\mlp_ens_results.json,-0.0032345226698286544,,,,,,,,,,,,,,,,,,,,,,,
body_mass,loio,mlp_ens_results,8,9,inductive_ensemble,leave_island_out,c:\Users\Simen\OneDrive - NTNU\FYSMAT\INDMAT\25H\Prosjekt\Project_thesis\outputs\nested_cv\body_mass\loio\mlp_ens_results.json,0.31682673769110603,,,,,,,,,,,,,,,,,,,,,,,
body_mass,loio,mlp_ens_results,9,10,inductive_ensemble,leave_island_out,c:\Users\Simen\OneDrive - NTNU\FYSMAT\INDMAT\25H\Prosjekt\Project_thesis\outputs\nested_cv\body_mass\loio\mlp_ens_results.json,0.1543168686042986,,,,,,,,,,,,,,,,,,,,,,,
body_mass,loio,mlp_ens_results,10,11,inductive_ensemble,leave_island_out,c:\Users\Simen\OneDrive - NTNU\FYSMAT\INDMAT\25H\Prosjekt\Project_thesis\outputs\nested_cv\body_mass\loio\mlp_ens_results.json,0.29387326765475513,,,,,,,,,,,,,,,,,,,,,,,
body_mass,loio,mlp_results,0,1,inductive,leave_island_out,c:\Users\Simen\OneDrive - NTNU\FYSMAT\INDMAT\25H\Prosjekt\Project_thesis\outputs\nested_cv\body_mass\loio\mlp_results.json,0.20102642859636372,0.22977306550283125,mlp,"(512, 128)",0.28705243979497036,False,2.6527096072534922e-06,3.066972149048386e-05,199.0,mae,adam,off,,,,False,,,,,,,,
body_mass,loio,mlp_results,1,2,inductive,leave_island_out,c:\Users\Simen\OneDrive - NTNU\FYSMAT\INDMAT\25H\Prosjekt\Project_thesis\outputs\nested_cv\body_mass\loio\mlp_results.json,0.38859333499456944,0.20611400028218546,mlp,"(512, 64)",0.5158912935711838,False,4.057664316154951e-06,0.00010545288076174893,163.0,mae,adam,off,,,,False,,,,,,,,
body_mass,loio,mlp_results,2,3,inductive,leave_island_out,c:\Users\Simen\OneDrive - NTNU\FYSMAT\INDMAT\25H\Prosjekt\Project_thesis\outputs\nested_cv\body_mass\loio\mlp_results.json,0.1496611479494279,0.2331571217408679,mlp,"(512, 128)",0.19318190807276772,False,2.9223875438393487e-05,1.083587277626603e-05,52.0,mse,adam,off,,,,False,,,,,,,,
body_mass,loio,mlp_results,3,4,inductive,leave_island_out,c:\Users\Simen\OneDrive - NTNU\FYSMAT\INDMAT\25H\Prosjekt\Project_thesis\outputs\nested_cv\body_mass\loio\mlp_results.json,0.17497785977337724,0.21897778420797964,mlp,"(512, 64)",0.19547990147536237,True,6.56812534199945e-05,1.9437687383595705e-07,154.0,mse,adam,off,,,,False,,,,,,,,
body_mass,loio,mlp_results,4,5,inductive,leave_island_out,c:\Users\Simen\OneDrive - NTNU\FYSMAT\INDMAT\25H\Prosjekt\Project_thesis\outputs\nested_cv\body_mass\loio\mlp_results.json,0.1049485572556471,0.23432816000254308,mlp,"(512, 256)",0.39034506699885807,False,1.7684028224826088e-06,4.891702479151897e-05,350.0,mae,adam,off,,,,True,29509.0,,,,,,,
body_mass,loio,mlp_results,5,6,inductive,leave_island_out,c:\Users\Simen\OneDrive - NTNU\FYSMAT\INDMAT\25H\Prosjekt\Project_thesis\outputs\nested_cv\body_mass\loio\mlp_results.json,0.15890660915675123,0.20470863597462086,mlp,"(256, 128)",0.19111528003036643,False,4.92470810763432e-06,3.281122696130593e-07,102.0,mae,adam,off,,,,True,30013.0,,,,,,,
body_mass,loio,mlp_results,6,7,inductive,leave_island_out,c:\Users\Simen\OneDrive - NTNU\FYSMAT\INDMAT\25H\Prosjekt\Project_thesis\outputs\nested_cv\body_mass\loio\mlp_results.json,0.2571640327676214,0.21110188042063088,mlp,"(512, 64)",0.2780123825650996,False,4.4134414168990764e-05,1.1881360769346951e-05,50.0,mae,adam,off,,,,True,24547.0,,,,,,,
body_mass,loio,mlp_results,7,8,inductive,leave_island_out,c:\Users\Simen\OneDrive - NTNU\FYSMAT\INDMAT\25H\Prosjekt\Project_thesis\outputs\nested_cv\body_mass\loio\mlp_results.json,0.015910747182561007,0.2558381167454596,mlp,"(512, 64)",0.14418675848666226,True,4.2183115388474145e-05,2.1713968539861102e-06,301.0,mae,adam,off,,,,False,,,,,,,,
body_mass,loio,mlp_results,8,9,inductive,leave_island_out,c:\Users\Simen\OneDrive - NTNU\FYSMAT\INDMAT\25H\Prosjekt\Project_thesis\outputs\nested_cv\body_mass\loio\mlp_results.json,0.30661553935899616,0.2024649360837997,mlp,"(512, 64)",0.10147361034800512,True,7.930822344385841e-05,4.8579636078123655e-05,305.0,mse,adam,off,,,,False,,,,,,,,
body_mass,loio,mlp_results,9,10,inductive,leave_island_out,c:\Users\Simen\OneDrive - NTNU\FYSMAT\INDMAT\25H\Prosjekt\Project_thesis\outputs\nested_cv\body_mass\loio\mlp_results.json,0.1149619234380547,0.22987141000414538,mlp,"(512, 128)",0.1793976228794959,False,2.458251549609619e-05,3.4816631796572944e-05,56.0,mse,adam,off,,,,False,,,,,,,,
body_mass,loio,mlp_results,10,11,inductive,leave_island_out,c:\Users\Simen\OneDrive - NTNU\FYSMAT\INDMAT\25H\Prosjekt\Project_thesis\outputs\nested_cv\body_mass\loio\mlp_results.json,0.3085929473267855,0.21788235796102784,mlp,"(256, 128, 64)",0.12781058210481908,False,2.6249899486964536e-06,6.048084977980174e-05,203.0,mse,adam,off,,,,False,,,,,,,,
body_mass,loio,sage_inductive_results,0,1,inductive,leave_island_out,c:\Users\Simen\OneDrive - NTNU\FYSMAT\INDMAT\25H\Prosjekt\Project_thesis\outputs\nested_cv\body_mass\loio\sage_inductive_results.json,0.23187066607903492,0.22554089875626887,graphsage,"(512, 128)",0.269314504244961,True,0.0009055043022656203,2.0836188156435488e-07,201.0,mae,adam,knn,,,,False,,,,,2.0,True,mutual,grm
body_mass,loio,sage_inductive_results,1,2,inductive,leave_island_out,c:\Users\Simen\OneDrive - NTNU\FYSMAT\INDMAT\25H\Prosjekt\Project_thesis\outputs\nested_cv\body_mass\loio\sage_inductive_results.json,0.4441491465092217,0.20691390968824003,graphsage,"(512, 256)",0.26212875582742406,True,3.203141124641891e-05,6.985841042903831e-06,218.0,mae,adam,knn,,,,False,,,,,1.0,False,union,grm
body_mass,loio,sage_inductive_results,2,3,inductive,leave_island_out,c:\Users\Simen\OneDrive - NTNU\FYSMAT\INDMAT\25H\Prosjekt\Project_thesis\outputs\nested_cv\body_mass\loio\sage_inductive_results.json,0.16115021906549143,0.2329593501190414,graphsage,"(512, 128)",0.3002509461265407,True,0.00029357260479630643,1.1895001847977213e-07,155.0,mae,adam,knn,,,,False,,,,,1.0,False,union,grm
body_mass,loio,sage_inductive_results,3,4,inductive,leave_island_out,c:\Users\Simen\OneDrive - NTNU\FYSMAT\INDMAT\25H\Prosjekt\Project_thesis\outputs\nested_cv\body_mass\loio\sage_inductive_results.json,0.20335402018734272,0.2349933948772002,graphsage,"(512, 128)",0.1476118806049251,True,2.8447836518732854e-05,8.543431377141521e-07,224.0,mae,adam,knn,,,,False,,,,,1.0,True,union,grm
body_mass,loio,sage_inductive_results,4,5,inductive,leave_island_out,c:\Users\Simen\OneDrive - NTNU\FYSMAT\INDMAT\25H\Prosjekt\Project_thesis\outputs\nested_cv\body_mass\loio\sage_inductive_results.json,0.11193611703315114,0.2237455137341028,graphsage,"(512, 64)",0.13125725419455947,True,0.00012610516670821795,1.2002845982817939e-06,313.0,mae,adam,knn,,,,False,,,,,2.0,True,mutual,grm
body_mass,loio,sage_inductive_results,5,6,inductive,leave_island_out,c:\Users\Simen\OneDrive - NTNU\FYSMAT\INDMAT\25H\Prosjekt\Project_thesis\outputs\nested_cv\body_mass\loio\sage_inductive_results.json,0.13573054857823438,0.2010382965002564,graphsage,"(128, 64)",0.40164276616054384,False,4.797540981025209e-05,3.8354094068096385e-07,140.0,mse,adam,knn,,,,True,29980.0,,,,2.0,False,mutual,grm
body_mass,loio,sage_inductive_results,6,7,inductive,leave_island_out,c:\Users\Simen\OneDrive - NTNU\FYSMAT\INDMAT\25H\Prosjekt\Project_thesis\outputs\nested_cv\body_mass\loio\sage_inductive_results.json,0.251449283918235,0.2109421908361985,graphsage,"(512, 128)",0.2823464802248515,True,7.553594258165959e-05,1.6545588052308386e-07,336.0,mae,adam,knn,,,,False,,,,,1.0,True,union,grm
body_mass,loio,sage_inductive_results,7,8,inductive,leave_island_out,c:\Users\Simen\OneDrive - NTNU\FYSMAT\INDMAT\25H\Prosjekt\Project_thesis\outputs\nested_cv\body_mass\loio\sage_inductive_results.json,0.07240807599940874,0.2593361485337199,graphsage,"(512, 64)",0.21870368123902434,True,1.3745268683094809e-05,1.4995973022866116e-05,319.0,mae,adam,knn,,,,False,,,,,2.0,False,union,grm
body_mass,loio,sage_inductive_results,8,9,inductive,leave_island_out,c:\Users\Simen\OneDrive - NTNU\FYSMAT\INDMAT\25H\Prosjekt\Project_thesis\outputs\nested_cv\body_mass\loio\sage_inductive_results.json,0.33108540138856524,0.2143104827856536,graphsage,"(512, 128)",0.21511803255773695,True,7.782922670752638e-05,1.2558946242093036e-05,279.0,mae,adam,knn,,,,False,,,,,1.0,False,union,grm
body_mass,loio,sage_inductive_results,9,10,inductive,leave_island_out,c:\Users\Simen\OneDrive - NTNU\FYSMAT\INDMAT\25H\Prosjekt\Project_thesis\outputs\nested_cv\body_mass\loio\sage_inductive_results.json,0.12019850164131869,0.23724634758617844,graphsage,"(256, 128)",0.17762819689792803,True,0.00034567580450331785,1.062290158750041e-06,342.0,mae,adam,knn,,,,False,,,,,2.0,False,mutual,grm
body_mass,loio,sage_inductive_results,10,11,inductive,leave_island_out,c:\Users\Simen\OneDrive - NTNU\FYSMAT\INDMAT\25H\Prosjekt\Project_thesis\outputs\nested_cv\body_mass\loio\sage_inductive_results.json,0.2983719036928974,0.2194766900439436,graphsage,"(512, 256)",0.3031866573823564,True,0.0001673606641622881,3.187550679449739e-06,262.0,mae,adam,knn,,,,False,,,,,2.0,False,mutual,grm
body_mass,loio,sage_results,0,1,transductive,leave_island_out,c:\Users\Simen\OneDrive - NTNU\FYSMAT\INDMAT\25H\Prosjekt\Project_thesis\outputs\nested_cv\body_mass\loio\sage_results.json,0.2448,0.2331,graphsage,"(512, 256)",0.3910695141978982,False,4.9303761196654966e-06,3.4231448348862473e-07,112.0,mse,adam,knn,,,,True,56862.0,,,,10.0,False,union,grm
body_mass,loio,sage_results,1,2,transductive,leave_island_out,c:\Users\Simen\OneDrive - NTNU\FYSMAT\INDMAT\25H\Prosjekt\Project_thesis\outputs\nested_cv\body_mass\loio\sage_results.json,0.3718,0.2021,graphsage,"(512, 128)",0.36408879144501466,False,7.995355808001486e-06,0.00037356853803535695,115.0,mae,adam,knn,,,,True,50811.0,,,,8.0,False,union,grm
body_mass,loio,sage_results,2,3,transductive,leave_island_out,c:\Users\Simen\OneDrive - NTNU\FYSMAT\INDMAT\25H\Prosjekt\Project_thesis\outputs\nested_cv\body_mass\loio\sage_results.json,0.1737,0.2248,graphsage,"(256, 128)",0.1502704561740268,False,0.00045894496510361863,4.821366541858742e-05,102.0,mae,adam,cutoff,0.827873905724995,cosine,True,True,48637.0,,,,,,,
body_mass,loio,sage_results,3,4,transductive,leave_island_out,c:\Users\Simen\OneDrive - NTNU\FYSMAT\INDMAT\25H\Prosjekt\Project_thesis\outputs\nested_cv\body_mass\loio\sage_results.json,0.231,0.2149,graphsage,"(512, 128)",0.208323968711294,False,3.946386165160486e-05,0.0003655389108264632,112.0,mse,adam,knn,,,,True,31491.0,,,,10.0,True,union,grm
body_mass,loio,sage_results,4,5,transductive,leave_island_out,c:\Users\Simen\OneDrive - NTNU\FYSMAT\INDMAT\25H\Prosjekt\Project_thesis\outputs\nested_cv\body_mass\loio\sage_results.json,0.1153,0.2346,graphsage,"(256, 128)",0.4603468404178617,False,2.9358245065548145e-05,1.067551467649617e-06,102.0,mae,adam,knn,,,,True,16605.0,,,,10.0,False,union,grm
body_mass,loio,sage_results,5,6,transductive,leave_island_out,c:\Users\Simen\OneDrive - NTNU\FYSMAT\INDMAT\25H\Prosjekt\Project_thesis\outputs\nested_cv\body_mass\loio\sage_results.json,0.1139,0.2056,graphsage,"(512, 64)",0.5804071595084234,False,6.320473149494075e-06,0.00022434388084283663,199.0,mae,adam,knn,,,,True,31444.0,,,,7.0,False,union,grm
body_mass,loio,sage_results,6,7,transductive,leave_island_out,c:\Users\Simen\OneDrive - NTNU\FYSMAT\INDMAT\25H\Prosjekt\Project_thesis\outputs\nested_cv\body_mass\loio\sage_results.json,0.2245,0.2111,graphsage,"(512, 64)",0.2431469759752179,False,3.37848638514423e-06,4.514011028030521e-06,84.0,mae,adam,cutoff,0.810359095332049,none,False,True,21614.0,,,,,,,
body_mass,loio,sage_results,7,8,transductive,leave_island_out,c:\Users\Simen\OneDrive - NTNU\FYSMAT\INDMAT\25H\Prosjekt\Project_thesis\outputs\nested_cv\body_mass\loio\sage_results.json,0.0707,0.2566,graphsage,"(512, 128)",0.5361168773857847,False,2.0412164452152525e-06,1.6760336211419498e-07,350.0,mse,adam,cutoff,0.6531073512526786,cosine,False,False,,,,,,,,
body_mass,loio,sage_results,8,9,transductive,leave_island_out,c:\Users\Simen\OneDrive - NTNU\FYSMAT\INDMAT\25H\Prosjekt\Project_thesis\outputs\nested_cv\body_mass\loio\sage_results.json,0.3378,0.2025,graphsage,"(512, 64)",0.2403423139348027,False,1.9296312771341526e-06,6.421211170778759e-07,263.0,mse,adam,knn,,,,True,52740.0,,,,9.0,False,union,grm
body_mass,loio,sage_results,9,10,transductive,leave_island_out,c:\Users\Simen\OneDrive - NTNU\FYSMAT\INDMAT\25H\Prosjekt\Project_thesis\outputs\nested_cv\body_mass\loio\sage_results.json,0.09341355696713946,0.230178526869393,graphsage,"(512, 256)",0.4619352042335352,False,0.0001215123467249279,0.00037163792979294074,162.0,mae,adam,knn,,,,True,54240.0,,,,10.0,False,union,grm
body_mass,loio,sage_results,10,11,transductive,leave_island_out,c:\Users\Simen\OneDrive - NTNU\FYSMAT\INDMAT\25H\Prosjekt\Project_thesis\outputs\nested_cv\body_mass\loio\sage_results.json,0.08582531332674843,0.22122661243905534,graphsage,"(512, 256)",0.4394045080707554,False,1.4672737786278366e-06,7.171224701009662e-05,312.0,mae,adam,knn,,,,True,37315.0,,,,8.0,True,union,grm
thr_tarsus,within,gcn_results,0,1,transductive,kfold,c:\Users\Simen\OneDrive - NTNU\FYSMAT\INDMAT\25H\Prosjekt\Project_thesis\outputs\nested_cv\thr_tarsus\within\gcn_results.json,0.3586922652092078,0.3612236390416207,gcn,"(256, 128, 64)",0.15284486495594646,False,0.0013863282818868477,6.648724740314952e-05,106.0,mae,adam,cutoff,0.5602095934757413,cosine_then_gcn,True,True,31222.0,,,,,,,
thr_tarsus,within,gcn_results,1,2,transductive,kfold,c:\Users\Simen\OneDrive - NTNU\FYSMAT\INDMAT\25H\Prosjekt\Project_thesis\outputs\nested_cv\thr_tarsus\within\gcn_results.json,0.3337648473461904,0.3724566311165337,gcn,"(512, 64)",0.5328755462530413,False,3.218275505478667e-05,2.812584349127551e-05,187.0,mae,adam,cutoff,0.5789463404258907,cosine_then_gcn,True,False,,,,,,,,
thr_tarsus,within,gcn_results,2,3,transductive,kfold,c:\Users\Simen\OneDrive - NTNU\FYSMAT\INDMAT\25H\Prosjekt\Project_thesis\outputs\nested_cv\thr_tarsus\within\gcn_results.json,0.3529464158632683,0.37476439791585225,gcn,"(512, 128)",0.40294597831783185,False,3.280220196928355e-05,1.1511654691939355e-07,155.0,mse,adam,cutoff,0.671391388679624,cosine_then_gcn,True,False,,,,,,,,
thr_tarsus,within,gcn_results,3,4,transductive,kfold,c:\Users\Simen\OneDrive - NTNU\FYSMAT\INDMAT\25H\Prosjekt\Project_thesis\outputs\nested_cv\thr_tarsus\within\gcn_results.json,0.4592823049428621,0.36726476889190185,gcn,"(512, 64)",0.4871617200341089,False,0.00013349073619752365,5.458740584829599e-06,167.0,mae,adam,cutoff,0.595595400251212,cosine,True,False,,,,,,,,
thr_tarsus,within,gcn_results,4,5,transductive,kfold,c:\Users\Simen\OneDrive - NTNU\FYSMAT\INDMAT\25H\Prosjekt\Project_thesis\outputs\nested_cv\thr_tarsus\within\gcn_results.json,0.3553281927981234,0.37660669034446326,gcn,"(256, 128)",0.5811745175018128,False,3.332627515981768e-05,0.00037361085590792003,175.0,mse,adam,knn,,,False,True,20218.0,,,,8.0,True,union,
thr_tarsus,within,gcn_results,5,6,transductive,kfold,c:\Users\Simen\OneDrive - NTNU\FYSMAT\INDMAT\25H\Prosjekt\Project_thesis\outputs\nested_cv\thr_tarsus\within\gcn_results.json,0.3399355435153657,0.37915665729389936,gcn,"(512, 128)",0.2404013594995914,False,0.0005019524775609302,7.896924765308303e-06,158.0,mae,adam,cutoff,0.5251654973259725,cosine_then_gcn,True,True,42129.0,,,,,,,
thr_tarsus,within,gcn_results,6,7,transductive,kfold,c:\Users\Simen\OneDrive - NTNU\FYSMAT\INDMAT\25H\Prosjekt\Project_thesis\outputs\nested_cv\thr_tarsus\within\gcn_results.json,0.3329418677027864,0.36806197678801444,gcn,"(512, 256)",0.19354931191888478,False,0.00018375458105385803,3.952631945498605e-05,61.0,mae,adam,cutoff,0.6349805501085073,none,False,True,18398.0,,,,,,,
thr_tarsus,within,gcn_results,7,8,transductive,kfold,c:\Users\Simen\OneDrive - NTNU\FYSMAT\INDMAT\25H\Prosjekt\Project_thesis\outputs\nested_cv\thr_tarsus\within\gcn_results.json,0.3404407319393772,0.3727583944850618,gcn,"(256, 128)",0.5445006759369856,False,1.3248798147432497e-05,1.281785534153204e-07,238.0,mse,adam,knn,,,False,True,18284.0,,,,4.0,True,union,
thr_tarsus,within,gcn_results,8,9,transductive,kfold,c:\Users\Simen\OneDrive - NTNU\FYSMAT\INDMAT\25H\Prosjekt\Project_thesis\outputs\nested_cv\thr_tarsus\within\gcn_results.json,0.4102397195908695,0.3755487195179888,gcn,"(128, 64)",0.48176693963239586,False,1.782079491020563e-05,1.6510875602752837e-07,203.0,mse,adam,knn,,,False,True,24972.0,,,,5.0,True,union,
thr_tarsus,within,gcn_results,9,10,transductive,kfold,c:\Users\Simen\OneDrive - NTNU\FYSMAT\INDMAT\25H\Prosjekt\Project_thesis\outputs\nested_cv\thr_tarsus\within\gcn_results.json,0.3903604444635961,0.37435876783182165,gcn,"(512, 128)",0.4245840481297584,False,0.000232769908716316,6.862059155144902e-06,99.0,mae,adam,cutoff,0.6012123173898576,cosine,False,True,37685.0,,,,,,,
thr_tarsus,within,mlp_results,0,1,inductive,kfold,c:\Users\Simen\OneDrive - NTNU\FYSMAT\INDMAT\25H\Prosjekt\Project_thesis\outputs\nested_cv\thr_tarsus\within\mlp_results.json,0.37490515662001916,0.37167049698084037,mlp,"(512, 64)",0.5179571818705924,False,1.2990621858524958e-06,5.121533957315459e-05,299.0,mse,adam,off,,,,True,49863.0,,,,,,,
thr_tarsus,within,mlp_results,1,2,inductive,kfold,c:\Users\Simen\OneDrive - NTNU\FYSMAT\INDMAT\25H\Prosjekt\Project_thesis\outputs\nested_cv\thr_tarsus\within\mlp_results.json,0.3766104489135421,0.3832613767083373,mlp,"(512, 64)",0.4772933442783105,False,4.001858819168639e-06,0.00018827903254178634,212.0,mae,adam,off,,,,True,59453.0,,,,,,,
thr_tarsus,within,mlp_results,2,3,inductive,kfold,c:\Users\Simen\OneDrive - NTNU\FYSMAT\INDMAT\25H\Prosjekt\Project_thesis\outputs\nested_cv\thr_tarsus\within\mlp_results.json,0.3849185568483172,0.38322585700154266,mlp,"(512, 64)",0.5005615233677189,False,3.6023700986939963e-06,3.738458785200354e-05,315.0,mae,adam,off,,,,False,,,,,,,,
thr_tarsus,within,mlp_results,3,4,inductive,kfold,c:\Users\Simen\OneDrive - NTNU\FYSMAT\INDMAT\25H\Prosjekt\Project_thesis\outputs\nested_cv\thr_tarsus\within\mlp_results.json,0.43954610590320614,0.380144450478448,mlp,"(512, 128)",0.4406740697642267,False,1.0789704174219786e-06,1.2895530871385637e-05,306.0,mse,adam,off,,,,True,49514.0,,,,,,,
thr_tarsus,within,mlp_results,4,5,inductive,kfold,c:\Users\Simen\OneDrive - NTNU\FYSMAT\INDMAT\25H\Prosjekt\Project_thesis\outputs\nested_cv\thr_tarsus\within\mlp_results.json,0.395726997577442,0.38653302499630326,mlp,"(512, 256)",0.5666711133206395,False,4.231114188993113e-06,1.9845236544080493e-05,310.0,mae,adam,off,,,,False,,,,,,,,
thr_tarsus,within,mlp_results,5,6,inductive,kfold,c:\Users\Simen\OneDrive - NTNU\FYSMAT\INDMAT\25H\Prosjekt\Project_thesis\outputs\nested_cv\thr_tarsus\within\mlp_results.json,0.3398034011555498,0.38839046919030723,mlp,"(512, 128)",0.5879487131461686,False,2.328026676157891e-06,0.0003463111409126409,350.0,mse,adam,off,,,,True,52016.0,,,,,,,
thr_tarsus,within,mlp_results,6,7,inductive,kfold,c:\Users\Simen\OneDrive - NTNU\FYSMAT\INDMAT\25H\Prosjekt\Project_thesis\outputs\nested_cv\thr_tarsus\within\mlp_results.json,0.4232526325403491,0.37800007718678985,mlp,"(512, 128)",0.5724355559555669,False,5.483531376256563e-06,6.610882180337482e-07,131.0,mse,adam,off,,,,True,58245.0,,,,,,,
thr_tarsus,within,mlp_results,7,8,inductive,kfold,c:\Users\Simen\OneDrive - NTNU\FYSMAT\INDMAT\25H\Prosjekt\Project_thesis\outputs\nested_cv\thr_tarsus\within\mlp_results.json,0.357526305288591,0.3854968747574129,mlp,"(256, 128, 64)",0.21061355147800906,False,3.2177633662452014e-06,7.939795676395915e-06,195.0,mse,adam,off,,,,False,,,,,,,,
thr_tarsus,within,mlp_results,8,9,inductive,kfold,c:\Users\Simen\OneDrive - NTNU\FYSMAT\INDMAT\25H\Prosjekt\Project_thesis\outputs\nested_cv\thr_tarsus\within\mlp_results.json,0.433789276306273,0.3876341413330123,mlp,"(256, 128)",0.4927900214601868,False,3.6948399043428998e-06,3.0526313812529495e-06,211.0,mse,adam,off,,,,False,,,,,,,,
thr_tarsus,within,mlp_results,9,10,inductive,kfold,c:\Users\Simen\OneDrive - NTNU\FYSMAT\INDMAT\25H\Prosjekt\Project_thesis\outputs\nested_cv\thr_tarsus\within\mlp_results.json,0.4069510318079382,0.37854464520042397,mlp,"(512, 64)",0.5691349436045255,False,5.312120444179153e-06,6.881136331729615e-05,102.0,mse,adam,off,,,,False,,,,,,,,
thr_tarsus,within,sage_inductive_results,0,1,inductive,kfold,c:\Users\Simen\OneDrive - NTNU\FYSMAT\INDMAT\25H\Prosjekt\Project_thesis\outputs\nested_cv\thr_tarsus\within\sage_inductive_results.json,0.36153766541073185,0.36594746277080414,graphsage,"(512, 256)",0.4266693662965042,False,1.9012616924357e-05,2.2513326717484975e-05,151.0,mse,adam,knn,,,True,False,,mean,False,False,9.0,True,union,
thr_tarsus,within,sage_inductive_results,1,2,inductive,kfold,c:\Users\Simen\OneDrive - NTNU\FYSMAT\INDMAT\25H\Prosjekt\Project_thesis\outputs\nested_cv\thr_tarsus\within\sage_inductive_results.json,0.35691623622096846,0.3762546080912424,graphsage,"(512, 64)",0.43765512839980375,True,0.0055840045767841144,1.6119732238987095e-06,58.0,mae,adam,knn,,,False,True,8353.0,max,False,False,7.0,False,union,
thr_tarsus,within,sage_inductive_results,2,3,inductive,kfold,c:\Users\Simen\OneDrive - NTNU\FYSMAT\INDMAT\25H\Prosjekt\Project_thesis\outputs\nested_cv\thr_tarsus\within\sage_inductive_results.json,0.3513667389843824,0.3803527175574281,graphsage,"(512, 64)",0.19055568892299757,False,1.8769707500733783e-05,1.1517904174589985e-05,238.0,mse,adam,knn,,,True,False,,mean,False,False,9.0,True,mutual,
thr_tarsus,within,sage_inductive_results,3,4,inductive,kfold,c:\Users\Simen\OneDrive - NTNU\FYSMAT\INDMAT\25H\Prosjekt\Project_thesis\outputs\nested_cv\thr_tarsus\within\sage_inductive_results.json,0.43986493492714546,0.3824741529048902,graphsage,"(512, 128)",0.3645734643118367,False,1.5577418132406002e-05,8.715828489321639e-06,91.0,mse,adam,cutoff,0.8650908578747942,cosine_then_gcn,False,False,,mean,False,False,,,,
thr_tarsus,within,sage_inductive_results,4,5,inductive,kfold,c:\Users\Simen\OneDrive - NTNU\FYSMAT\INDMAT\25H\Prosjekt\Project_thesis\outputs\nested_cv\thr_tarsus\within\sage_inductive_results.json,0.37889945578864814,0.38210278205127163,graphsage,"(512, 256)",0.11492766601400164,False,4.091181020134148e-05,1.0612090922474046e-06,206.0,mae,adam,knn,,,True,True,39312.0,max,False,False,6.0,False,union,
thr_tarsus,within,sage_inductive_results,5,6,inductive,kfold,c:\Users\Simen\OneDrive - NTNU\FYSMAT\INDMAT\25H\Prosjekt\Project_thesis\outputs\nested_cv\thr_tarsus\within\sage_inductive_results.json,0.3518420542327661,0.3784195861322729,graphsage,"(512, 64)",0.5083532819381031,False,1.1745128263043009e-05,0.00011484117941590998,100.0,mae,adam,cutoff,0.8434540409790131,gcn,False,True,44168.0,max,False,False,,,,
thr_tarsus,within,sage_inductive_results,6,7,inductive,kfold,c:\Users\Simen\OneDrive - NTNU\FYSMAT\INDMAT\25H\Prosjekt\Project_thesis\outputs\nested_cv\thr_tarsus\within\sage_inductive_results.json,0.41177573211667556,0.3761033656282664,graphsage,"(256, 128, 64)",0.31301735617068777,False,1.0547427525503886e-05,5.632785096098992e-05,101.0,mse,adam,cutoff,0.8999179680693129,cosine,True,False,,mean,False,False,,,,
thr_tarsus,within,sage_inductive_results,7,8,inductive,kfold,c:\Users\Simen\OneDrive - NTNU\FYSMAT\INDMAT\25H\Prosjekt\Project_thesis\outputs\nested_cv\thr_tarsus\within\sage_inductive_results.json,0.33938477624873037,0.3741045796063055,graphsage,"(128, 64)",0.3046079978585891,False,7.342038369792512e-05,0.0005912349715931447,151.0,mae,adam,knn,,,True,True,23679.0,mean,False,False,10.0,True,union,
thr_tarsus,within,sage_inductive_results,8,9,inductive,kfold,c:\Users\Simen\OneDrive - NTNU\FYSMAT\INDMAT\25H\Prosjekt\Project_thesis\outputs\nested_cv\thr_tarsus\within\sage_inductive_results.json,0.44616551820165423,0.376105414027429,graphsage,"(256, 128)",0.20608227971931342,False,1.78788614603455e-05,8.257197492933872e-05,90.0,mse,adam,cutoff,0.8235279245569815,cosine_then_gcn,True,False,,mean,False,False,,,,
thr_tarsus,within,sage_inductive_results,9,10,inductive,kfold,c:\Users\Simen\OneDrive - NTNU\FYSMAT\INDMAT\25H\Prosjekt\Project_thesis\outputs\nested_cv\thr_tarsus\within\sage_inductive_results.json,0.3893541941357064,0.3744651287832118,graphsage,"(512, 256)",0.4101001491290043,False,1.0078907975024247e-05,0.0002389669082059116,213.0,mae,adam,cutoff,0.5585024081518861,none,False,True,43033.0,max,False,False,,,,
thr_tarsus,within,sage_results,0,1,transductive,kfold,c:\Users\Simen\OneDrive - NTNU\FYSMAT\INDMAT\25H\Prosjekt\Project_thesis\outputs\nested_cv\thr_tarsus\within\sage_results.json,0.3996304420068555,0.3576547701841141,graphsage,"(512, 256)",0.11270765806217219,True,2.4229211632516793e-05,1.816974607395075e-05,350.0,mae,adam,knn,,,True,False,,mean,False,False,10.0,True,union,
thr_tarsus,within,sage_results,1,2,transductive,kfold,c:\Users\Simen\OneDrive - NTNU\FYSMAT\INDMAT\25H\Prosjekt\Project_thesis\outputs\nested_cv\thr_tarsus\within\sage_results.json,0.3522867657224188,0.37979444876206886,graphsage,"(256, 128)",0.45717621365789235,False,1.1907294264797665e-05,9.49213495737153e-06,103.0,mse,adam,cutoff,0.8186284914730857,cosine_then_gcn,True,True,41882.0,max,False,False,,,,
thr_tarsus,within,sage_results,2,3,transductive,kfold,c:\Users\Simen\OneDrive - NTNU\FYSMAT\INDMAT\25H\Prosjekt\Project_thesis\outputs\nested_cv\thr_tarsus\within\sage_results.json,0.3942290402388668,0.3914066785204766,graphsage,"(512, 64)",0.39753901302221023,True,0.0028958070619824845,7.070549491603121e-07,54.0,mae,adam,knn,,,False,True,25482.0,max,False,False,9.0,False,union,
thr_tarsus,within,sage_results,3,4,transductive,kfold,c:\Users\Simen\OneDrive - NTNU\FYSMAT\INDMAT\25H\Prosjekt\Project_thesis\outputs\nested_cv\thr_tarsus\within\sage_results.json,0.43960064632699064,0.3714952871274934,graphsage,"(512, 128)",0.586697299915223,False,1.3086923599023284e-05,0.00014502360370567495,199.0,mae,adam,cutoff,0.5917318288992597,cosine_then_gcn,True,True,52483.0,max,False,False,,,,
thr_tarsus,within,sage_results,4,5,transductive,kfold,c:\Users\Simen\OneDrive - NTNU\FYSMAT\INDMAT\25H\Prosjekt\Project_thesis\outputs\nested_cv\thr_tarsus\within\sage_results.json,0.3880387066260243,0.3858314283661085,graphsage,"(512, 128)",0.5586196135096566,False,1.2110631564019284e-05,0.0002036101284770173,223.0,mse,adam,knn,,,False,False,,mean,False,False,10.0,False,union,
thr_tarsus,within,sage_results,5,6,transductive,kfold,c:\Users\Simen\OneDrive - NTNU\FYSMAT\INDMAT\25H\Prosjekt\Project_thesis\outputs\nested_cv\thr_tarsus\within\sage_results.json,0.3622515983894837,0.3827198341723822,graphsage,"(512, 128)",0.18798089332200202,False,2.2150337168443826e-05,1.8403320953357915e-05,211.0,mse,adam,cutoff,0.40357893783141857,gcn,False,True,31114.0,max,False,False,,,,
thr_tarsus,within,sage_results,6,7,transductive,kfold,c:\Users\Simen\OneDrive - NTNU\FYSMAT\INDMAT\25H\Prosjekt\Project_thesis\outputs\nested_cv\thr_tarsus\within\sage_results.json,0.4100858783288313,0.37699470073723285,graphsage,"(512, 256)",0.5625440007019222,False,1.2522020029443065e-05,3.546959055157529e-07,237.0,mse,adam,knn,,,True,False,,mean,False,False,9.0,True,union,
thr_tarsus,within,sage_results,7,8,transductive,kfold,c:\Users\Simen\OneDrive - NTNU\FYSMAT\INDMAT\25H\Prosjekt\Project_thesis\outputs\nested_cv\thr_tarsus\within\sage_results.json,0.3374702728716508,0.37916936401711226,graphsage,"(128, 64)",0.13838844685503882,False,0.00020991434698386865,1.1776051413827449e-07,76.0,mae,adam,cutoff,0.564831934508057,cosine,False,True,39561.0,mean,False,False,,,,
thr_tarsus,within,sage_results,8,9,transductive,kfold,c:\Users\Simen\OneDrive - NTNU\FYSMAT\INDMAT\25H\Prosjekt\Project_thesis\outputs\nested_cv\thr_tarsus\within\sage_results.json,0.4256497727677349,0.39327315093026083,graphsage,"(512, 256)",0.5221563492774629,True,0.008239345584724958,1.0111570568804372e-07,295.0,mae,adam,knn,,,False,True,31447.0,max,True,False,10.0,False,union,
thr_tarsus,within,sage_results,9,10,transductive,kfold,c:\Users\Simen\OneDrive - NTNU\FYSMAT\INDMAT\25H\Prosjekt\Project_thesis\outputs\nested_cv\thr_tarsus\within\sage_results.json,0.34626445783725246,0.37168880428944984,graphsage,"(512, 256)",0.20066179630075898,False,0.00035696564838976397,0.0004030661949788497,179.0,mae,adam,cutoff,0.5345883385614858,cosine,True,True,46162.0,max,False,False,,,,
thr_tarsus,loio,ens_sage_results,0,1,inductive_ensemble,leave_island_out,c:\Users\Simen\OneDrive - NTNU\FYSMAT\INDMAT\25H\Prosjekt\Project_thesis\outputs\nested_cv\thr_tarsus\loio\ens_sage_results.json,0.314988142209114,,,,,,,,,,,,,,,,,,,,,,,
thr_tarsus,loio,ens_sage_results,1,2,inductive_ensemble,leave_island_out,c:\Users\Simen\OneDrive - NTNU\FYSMAT\INDMAT\25H\Prosjekt\Project_thesis\outputs\nested_cv\thr_tarsus\loio\ens_sage_results.json,0.2795269140492652,,,,,,,,,,,,,,,,,,,,,,,
thr_tarsus,loio,ens_sage_results,2,3,inductive_ensemble,leave_island_out,c:\Users\Simen\OneDrive - NTNU\FYSMAT\INDMAT\25H\Prosjekt\Project_thesis\outputs\nested_cv\thr_tarsus\loio\ens_sage_results.json,0.20934715635478235,,,,,,,,,,,,,,,,,,,,,,,
thr_tarsus,loio,ens_sage_results,3,4,inductive_ensemble,leave_island_out,c:\Users\Simen\OneDrive - NTNU\FYSMAT\INDMAT\25H\Prosjekt\Project_thesis\outputs\nested_cv\thr_tarsus\loio\ens_sage_results.json,0.3192561788728193,,,,,,,,,,,,,,,,,,,,,,,
thr_tarsus,loio,ens_sage_results,4,5,inductive_ensemble,leave_island_out,c:\Users\Simen\OneDrive - NTNU\FYSMAT\INDMAT\25H\Prosjekt\Project_thesis\outputs\nested_cv\thr_tarsus\loio\ens_sage_results.json,0.18034761705375565,,,,,,,,,,,,,,,,,,,,,,,
thr_tarsus,loio,ens_sage_results,5,6,inductive_ensemble,leave_island_out,c:\Users\Simen\OneDrive - NTNU\FYSMAT\INDMAT\25H\Prosjekt\Project_thesis\outputs\nested_cv\thr_tarsus\loio\ens_sage_results.json,0.21000880396133434,,,,,,,,,,,,,,,,,,,,,,,
thr_tarsus,loio,ens_sage_results,6,7,inductive_ensemble,leave_island_out,c:\Users\Simen\OneDrive - NTNU\FYSMAT\INDMAT\25H\Prosjekt\Project_thesis\outputs\nested_cv\thr_tarsus\loio\ens_sage_results.json,0.3677832846753279,,,,,,,,,,,,,,,,,,,,,,,
thr_tarsus,loio,ens_sage_results,7,8,inductive_ensemble,leave_island_out,c:\Users\Simen\OneDrive - NTNU\FYSMAT\INDMAT\25H\Prosjekt\Project_thesis\outputs\nested_cv\thr_tarsus\loio\ens_sage_results.json,0.10378562656643711,,,,,,,,,,,,,,,,,,,,,,,
thr_tarsus,loio,ens_sage_results,8,9,inductive_ensemble,leave_island_out,c:\Users\Simen\OneDrive - NTNU\FYSMAT\INDMAT\25H\Prosjekt\Project_thesis\outputs\nested_cv\thr_tarsus\loio\ens_sage_results.json,0.31497011310991846,,,,,,,,,,,,,,,,,,,,,,,
thr_tarsus,loio,ens_sage_results,9,10,inductive_ensemble,leave_island_out,c:\Users\Simen\OneDrive - NTNU\FYSMAT\INDMAT\25H\Prosjekt\Project_thesis\outputs\nested_cv\thr_tarsus\loio\ens_sage_results.json,0.25486303128687604,,,,,,,,,,,,,,,,,,,,,,,
thr_tarsus,loio,ens_sage_results,10,11,inductive_ensemble,leave_island_out,c:\Users\Simen\OneDrive - NTNU\FYSMAT\INDMAT\25H\Prosjekt\Project_thesis\outputs\nested_cv\thr_tarsus\loio\ens_sage_results.json,0.278701053092951,,,,,,,,,,,,,,,,,,,,,,,
thr_tarsus,loio,gcn_inductive_results,0,1,inductive,leave_island_out,c:\Users\Simen\OneDrive - NTNU\FYSMAT\INDMAT\25H\Prosjekt\Project_thesis\outputs\nested_cv\thr_tarsus\loio\gcn_inductive_results.json,0.20048276517899788,0.281195945934909,gcn,"(512, 256)",0.5728646639998635,True,0.00036194769928780664,1.8866121123204577e-05,50.0,mae,adam,knn,,,,False,,,,,2.0,True,mutual,grm
thr_tarsus,loio,gcn_inductive_results,1,2,inductive,leave_island_out,c:\Users\Simen\OneDrive - NTNU\FYSMAT\INDMAT\25H\Prosjekt\Project_thesis\outputs\nested_cv\thr_tarsus\loio\gcn_inductive_results.json,0.33006992672933677,0.2523881302783792,gcn,"(128, 64)",0.47836304193545737,True,0.00022258785099978792,0.00024435647545823543,145.0,mae,adam,cutoff,0.500744754050868,gcn,True,False,,,,,,,,
thr_tarsus,loio,gcn_inductive_results,2,3,inductive,leave_island_out,c:\Users\Simen\OneDrive - NTNU\FYSMAT\INDMAT\25H\Prosjekt\Project_thesis\outputs\nested_cv\thr_tarsus\loio\gcn_inductive_results.json,0.1747398258517224,0.2896866866250189,gcn,"(512, 128)",0.3825208351147634,True,0.000256301032453184,3.4389662210412277e-07,35.0,mae,adam,cutoff,0.33696104910798486,cosine_then_gcn,False,False,,,,,,,,
thr_tarsus,loio,gcn_inductive_results,3,4,inductive,leave_island_out,c:\Users\Simen\OneDrive - NTNU\FYSMAT\INDMAT\25H\Prosjekt\Project_thesis\outputs\nested_cv\thr_tarsus\loio\gcn_inductive_results.json,0.2938849768403128,0.26003222010045196,gcn,"(512, 64)",0.4118825070804765,False,0.0001866500825653121,0.0003302734593119496,194.0,mae,adam,cutoff,0.3874673187073281,cosine,False,True,31695.0,,,,,,,
thr_tarsus,loio,gcn_inductive_results,4,5,inductive,leave_island_out,c:\Users\Simen\OneDrive - NTNU\FYSMAT\INDMAT\25H\Prosjekt\Project_thesis\outputs\nested_cv\thr_tarsus\loio\gcn_inductive_results.json,0.21519144456690084,0.2738524640817953,gcn,"(512, 64)",0.12458351834455862,False,0.00024534312280030863,1.2552694452323417e-06,159.0,mae,adam,cutoff,0.3331600086296748,gcn,True,True,43470.0,,,,,,,
thr_tarsus,loio,gcn_inductive_results,5,6,inductive,leave_island_out,c:\Users\Simen\OneDrive - NTNU\FYSMAT\INDMAT\25H\Prosjekt\Project_thesis\outputs\nested_cv\thr_tarsus\loio\gcn_inductive_results.json,0.22541773117673952,0.26062409862977765,gcn,"(512, 64)",0.15407286392957648,True,0.0004129854034121368,0.00017030853162865788,67.0,mae,adam,knn,,,,False,,,,,1.0,True,union,grm
thr_tarsus,loio,gcn_inductive_results,6,7,inductive,leave_island_out,c:\Users\Simen\OneDrive - NTNU\FYSMAT\INDMAT\25H\Prosjekt\Project_thesis\outputs\nested_cv\thr_tarsus\loio\gcn_inductive_results.json,0.4037288772848817,0.2521425974510857,gcn,"(512, 128)",0.5999227473276506,True,0.000429257799681809,8.301673085457391e-06,91.0,mse,adam,cutoff,0.4281105823489983,cosine_then_gcn,True,False,,,,,,,,
thr_tarsus,loio,gcn_inductive_results,7,8,inductive,leave_island_out,c:\Users\Simen\OneDrive - NTNU\FYSMAT\INDMAT\25H\Prosjekt\Project_thesis\outputs\nested_cv\thr_tarsus\loio\gcn_inductive_results.json,0.089540079924033,0.3061170902213356,gcn,"(256, 128)",0.4434237882782925,True,0.0009555818359433152,1.487137887243644e-07,117.0,mae,adam,cutoff,0.49955846996874226,none,True,False,,,,,,,,
thr_tarsus,loio,gcn_inductive_results,8,9,inductive,leave_island_out,c:\Users\Simen\OneDrive - NTNU\FYSMAT\INDMAT\25H\Prosjekt\Project_thesis\outputs\nested_cv\thr_tarsus\loio\gcn_inductive_results.json,0.24800595686362764,0.266320825956688,gcn,"(256, 128)",0.12592755060226746,True,0.00030161384008819904,7.482375834641519e-06,73.0,mae,adam,knn,,,,False,,,,,5.0,True,union,grm
thr_tarsus,loio,gcn_inductive_results,9,10,inductive,leave_island_out,c:\Users\Simen\OneDrive - NTNU\FYSMAT\INDMAT\25H\Prosjekt\Project_thesis\outputs\nested_cv\thr_tarsus\loio\gcn_inductive_results.json,0.3018740702980929,0.28544435198517104,gcn,"(512, 64)",0.4762026255526619,True,0.0009967765584789309,2.086199043804114e-05,158.0,mae,adam,knn,,,,False,,,,,5.0,True,mutual,grm
thr_tarsus,loio,gcn_inductive_results,10,11,inductive,leave_island_out,c:\Users\Simen\OneDrive - NTNU\FYSMAT\INDMAT\25H\Prosjekt\Project_thesis\outputs\nested_cv\thr_tarsus\loio\gcn_inductive_results.json,0.11707107120074715,0.2904696112766307,gcn,"(512, 128)",0.32958494375961506,True,0.00038559050717185004,3.010420999525175e-06,244.0,mae,adam,knn,,,,False,,,,,6.0,True,mutual,grm
thr_tarsus,loio,gcn_results,0,1,transductive,leave_island_out,c:\Users\Simen\OneDrive - NTNU\FYSMAT\INDMAT\25H\Prosjekt\Project_thesis\outputs\nested_cv\thr_tarsus\loio\gcn_results.json,0.33756195880559564,0.27733946425430417,gcn,"(512, 64)",0.39013182892137493,False,0.00010001041857857009,4.794316075686437e-07,266.0,mae,adam,cutoff,0.33503812513966424,gcn,True,,,,,,,,,
thr_tarsus,loio,gcn_results,1,2,transductive,leave_island_out,c:\Users\Simen\OneDrive - NTNU\FYSMAT\INDMAT\25H\Prosjekt\Project_thesis\outputs\nested_cv\thr_tarsus\loio\gcn_results.json,0.32127918928291616,0.25345108797387156,gcn,"(512, 64)",0.42643907355518756,False,2.4031285761451937e-05,5.290644268653883e-06,188.0,mae,adam,cutoff,0.5019407169670828,cosine_then_gcn,False,,,,,,,,,
thr_tarsus,loio,gcn_results,2,3,transductive,leave_island_out,c:\Users\Simen\OneDrive - NTNU\FYSMAT\INDMAT\25H\Prosjekt\Project_thesis\outputs\nested_cv\thr_tarsus\loio\gcn_results.json,0.22425669525951067,0.28667309177829836,gcn,"(512, 64)",0.3325073776921427,False,3.620708206444115e-05,1.0285755797702942e-07,197.0,mae,adam,cutoff,0.3712408596445895,gcn,True,,,,,,,,,
thr_tarsus,loio,gcn_results,3,4,transductive,leave_island_out,c:\Users\Simen\OneDrive - NTNU\FYSMAT\INDMAT\25H\Prosjekt\Project_thesis\outputs\nested_cv\thr_tarsus\loio\gcn_results.json,0.3217210729434975,0.2508943459699088,gcn,"(512, 128)",0.395869845219888,False,8.744759227580868e-05,3.3944348602942405e-06,286.0,mae,adam,cutoff,0.5073126401704542,gcn,True,,,,,,,,,
thr_tarsus,loio,gcn_results,4,5,transductive,leave_island_out,c:\Users\Simen\OneDrive - NTNU\FYSMAT\INDMAT\25H\Prosjekt\Project_thesis\outputs\nested_cv\thr_tarsus\loio\gcn_results.json,0.2043684915932742,0.27530312634760706,gcn,"(512, 128)",0.32098380769865004,False,0.0001858496789758118,9.234992417049446e-05,114.0,mae,adam,cutoff,0.398605143048177,cosine_then_gcn,True,,,,,,,,,
thr_tarsus,loio,gcn_results,5,6,transductive,leave_island_out,c:\Users\Simen\OneDrive - NTNU\FYSMAT\INDMAT\25H\Prosjekt\Project_thesis\outputs\nested_cv\thr_tarsus\loio\gcn_results.json,0.2058267004329888,0.2529433429040175,gcn,"(256, 128)",0.36171682958447826,False,9.630314100242289e-05,1.97525555808687e-07,255.0,mae,adam,cutoff,0.3609795258630032,gcn,True,,,,,,,,,
thr_tarsus,loio,gcn_results,6,7,transductive,leave_island_out,c:\Users\Simen\OneDrive - NTNU\FYSMAT\INDMAT\25H\Prosjekt\Project_thesis\outputs\nested_cv\thr_tarsus\loio\gcn_results.json,0.34959432233529764,0.2563724304844033,gcn,"(512, 256)",0.36555738801945203,False,7.00062435172114e-05,0.0007370085098097965,315.0,mae,adam,cutoff,0.504650581205048,gcn,True,,,,,,,,,
thr_tarsus,loio,gcn_results,7,8,transductive,leave_island_out,c:\Users\Simen\OneDrive - NTNU\FYSMAT\INDMAT\25H\Prosjekt\Project_thesis\outputs\nested_cv\thr_tarsus\loio\gcn_results.json,0.06630831699938809,0.3043614056516969,gcn,"(512, 64)",0.5041289192929338,False,4.285742555357431e-05,1.1269045157872955e-06,332.0,mae,adam,cutoff,0.49164383298106923,gcn,True,,,,,,,,,
thr_tarsus,loio,gcn_results,8,9,transductive,leave_island_out,c:\Users\Simen\OneDrive - NTNU\FYSMAT\INDMAT\25H\Prosjekt\Project_thesis\outputs\nested_cv\thr_tarsus\loio\gcn_results.json,0.3612836427822191,0.2505695460871202,gcn,"(512, 64)",0.20003152328140522,False,0.00010285579055646403,6.356073073096209e-06,178.0,mae,adam,cutoff,0.5636785214201019,cosine,False,,,,,,,,,
thr_tarsus,loio,gcn_results,9,10,transductive,leave_island_out,c:\Users\Simen\OneDrive - NTNU\FYSMAT\INDMAT\25H\Prosjekt\Project_thesis\outputs\nested_cv\thr_tarsus\loio\gcn_results.json,0.23766969441809266,0.2853403450763257,gcn,"(512, 64)",0.27892481092977794,False,0.00010049564303323761,7.342358901470267e-07,157.0,mae,adam,cutoff,0.8145581736432256,gcn,False,,,,,,,,,
thr_tarsus,loio,gcn_results,10,11,transductive,leave_island_out,c:\Users\Simen\OneDrive - NTNU\FYSMAT\INDMAT\25H\Prosjekt\Project_thesis\outputs\nested_cv\thr_tarsus\loio\gcn_results.json,0.09080410662604185,0.27778508486335235,gcn,"(512, 128)",0.3736943057341745,False,0.00018275151650104846,3.17845342330573e-05,184.0,mae,adam,cutoff,0.6974372527306638,gcn,True,,,,,,,,,
thr_tarsus,loio,mlp_ens_results,0,1,inductive_ensemble,leave_island_out,c:\Users\Simen\OneDrive - NTNU\FYSMAT\INDMAT\25H\Prosjekt\Project_thesis\outputs\nested_cv\thr_tarsus\loio\mlp_ens_results.json,0.32839613108801236,,,,,,,,,,,,,,,,,,,,,,,
thr_tarsus,loio,mlp_ens_results,1,2,inductive_ensemble,leave_island_out,c:\Users\Simen\OneDrive - NTNU\FYSMAT\INDMAT\25H\Prosjekt\Project_thesis\outputs\nested_cv\thr_tarsus\loio\mlp_ens_results.json,0.24752115568148586,,,,,,,,,,,,,,,,,,,,,,,
thr_tarsus,loio,mlp_ens_results,2,3,inductive_ensemble,leave_island_out,c:\Users\Simen\OneDrive - NTNU\FYSMAT\INDMAT\25H\Prosjekt\Project_thesis\outputs\nested_cv\thr_tarsus\loio\mlp_ens_results.json,0.21783203857274921,,,,,,,,,,,,,,,,,,,,,,,
thr_tarsus,loio,mlp_ens_results,3,4,inductive_ensemble,leave_island_out,c:\Users\Simen\OneDrive - NTNU\FYSMAT\INDMAT\25H\Prosjekt\Project_thesis\outputs\nested_cv\thr_tarsus\loio\mlp_ens_results.json,0.25446896682523246,,,,,,,,,,,,,,,,,,,,,,,
thr_tarsus,loio,mlp_ens_results,4,5,inductive_ensemble,leave_island_out,c:\Users\Simen\OneDrive - NTNU\FYSMAT\INDMAT\25H\Prosjekt\Project_thesis\outputs\nested_cv\thr_tarsus\loio\mlp_ens_results.json,0.21718697797383682,,,,,,,,,,,,,,,,,,,,,,,
thr_tarsus,loio,mlp_ens_results,5,6,inductive_ensemble,leave_island_out,c:\Users\Simen\OneDrive - NTNU\FYSMAT\INDMAT\25H\Prosjekt\Project_thesis\outputs\nested_cv\thr_tarsus\loio\mlp_ens_results.json,0.21708994235746323,,,,,,,,,,,,,,,,,,,,,,,
thr_tarsus,loio,mlp_ens_results,6,7,inductive_ensemble,leave_island_out,c:\Users\Simen\OneDrive - NTNU\FYSMAT\INDMAT\25H\Prosjekt\Project_thesis\outputs\nested_cv\thr_tarsus\loio\mlp_ens_results.json,0.3271150951718344,,,,,,,,,,,,,,,,,,,,,,,
thr_tarsus,loio,mlp_ens_results,7,8,inductive_ensemble,leave_island_out,c:\Users\Simen\OneDrive - NTNU\FYSMAT\INDMAT\25H\Prosjekt\Project_thesis\outputs\nested_cv\thr_tarsus\loio\mlp_ens_results.json,0.10825847204190817,,,,,,,,,,,,,,,,,,,,,,,
thr_tarsus,loio,mlp_ens_results,8,9,inductive_ensemble,leave_island_out,c:\Users\Simen\OneDrive - NTNU\FYSMAT\INDMAT\25H\Prosjekt\Project_thesis\outputs\nested_cv\thr_tarsus\loio\mlp_ens_results.json,0.3339562444544008,,,,,,,,,,,,,,,,,,,,,,,
thr_tarsus,loio,mlp_ens_results,9,10,inductive_ensemble,leave_island_out,c:\Users\Simen\OneDrive - NTNU\FYSMAT\INDMAT\25H\Prosjekt\Project_thesis\outputs\nested_cv\thr_tarsus\loio\mlp_ens_results.json,0.2404801599803161,,,,,,,,,,,,,,,,,,,,,,,
thr_tarsus,loio,mlp_ens_results,10,11,inductive_ensemble,leave_island_out,c:\Users\Simen\OneDrive - NTNU\FYSMAT\INDMAT\25H\Prosjekt\Project_thesis\outputs\nested_cv\thr_tarsus\loio\mlp_ens_results.json,0.1742453292332854,,,,,,,,,,,,,,,,,,,,,,,
thr_tarsus,loio,mlp_results,0,1,inductive,leave_island_out,c:\Users\Simen\OneDrive - NTNU\FYSMAT\INDMAT\25H\Prosjekt\Project_thesis\outputs\nested_cv\thr_tarsus\loio\mlp_results.json,0.299649174725488,0.2809523674077484,mlp,"(512, 128)",0.522763824940561,False,1.6655411381431428e-05,5.5364302729374755e-06,77.0,mae,adam,off,,,,False,,,,,,,,
thr_tarsus,loio,mlp_results,1,2,inductive,leave_island_out,c:\Users\Simen\OneDrive - NTNU\FYSMAT\INDMAT\25H\Prosjekt\Project_thesis\outputs\nested_cv\thr_tarsus\loio\mlp_results.json,0.3276931296572576,0.25786006345063966,mlp,"(512, 64)",0.5715304703679751,False,1.0789476215444663e-05,2.8463577405517332e-05,156.0,mae,adam,off,,,,True,36998.0,,,,,,,
thr_tarsus,loio,mlp_results,2,3,inductive,leave_island_out,c:\Users\Simen\OneDrive - NTNU\FYSMAT\INDMAT\25H\Prosjekt\Project_thesis\outputs\nested_cv\thr_tarsus\loio\mlp_results.json,0.23637891764275268,0.276079263167137,mlp,"(512, 128)",0.4924282944620625,False,1.3647717011857641e-05,9.669007411980968e-06,73.0,mae,adam,off,,,,False,,,,,,,,
thr_tarsus,loio,mlp_results,3,4,inductive,leave_island_out,c:\Users\Simen\OneDrive - NTNU\FYSMAT\INDMAT\25H\Prosjekt\Project_thesis\outputs\nested_cv\thr_tarsus\loio\mlp_results.json,0.2853724461613121,0.2653727993063316,mlp,"(256, 128, 64)",0.2167350833618778,False,1.233329509404118e-06,3.2540700334609154e-06,335.0,mse,adam,off,,,,False,,,,,,,,
thr_tarsus,loio,mlp_results,4,5,inductive,leave_island_out,c:\Users\Simen\OneDrive - NTNU\FYSMAT\INDMAT\25H\Prosjekt\Project_thesis\outputs\nested_cv\thr_tarsus\loio\mlp_results.json,0.23103138646668722,0.2713285310457074,mlp,"(512, 64)",0.10246232662540586,False,8.592238699231843e-05,2.5403755768100877e-06,48.0,mae,adam,off,,,,False,,,,,,,,
thr_tarsus,loio,mlp_results,5,6,inductive,leave_island_out,c:\Users\Simen\OneDrive - NTNU\FYSMAT\INDMAT\25H\Prosjekt\Project_thesis\outputs\nested_cv\thr_tarsus\loio\mlp_results.json,0.25327832562743685,0.2515845736457048,mlp,"(512, 128)",0.4047398224912724,False,4.163605938597995e-06,0.0002634150301810883,333.0,mae,adam,off,,,,False,,,,,,,,
thr_tarsus,loio,mlp_results,6,7,inductive,leave_island_out,c:\Users\Simen\OneDrive - NTNU\FYSMAT\INDMAT\25H\Prosjekt\Project_thesis\outputs\nested_cv\thr_tarsus\loio\mlp_results.json,0.3835034345701067,0.2515915730424978,mlp,"(256, 128, 64)",0.503215798733431,False,4.230354558253383e-06,6.434668123057793e-05,317.0,mae,adam,off,,,,False,,,,,,,,
thr_tarsus,loio,mlp_results,7,8,inductive,leave_island_out,c:\Users\Simen\OneDrive - NTNU\FYSMAT\INDMAT\25H\Prosjekt\Project_thesis\outputs\nested_cv\thr_tarsus\loio\mlp_results.json,0.13648581462262285,0.3074972080514263,mlp,"(256, 128)",0.4544818524208739,False,8.670952344499222e-05,0.000389334304661704,65.0,mae,adam,off,,,,True,31485.0,,,,,,,
thr_tarsus,loio,mlp_results,8,9,inductive,leave_island_out,c:\Users\Simen\OneDrive - NTNU\FYSMAT\INDMAT\25H\Prosjekt\Project_thesis\outputs\nested_cv\thr_tarsus\loio\mlp_results.json,0.30961983538071275,0.2663812453467505,mlp,"(256, 128, 64)",0.29952236284251943,False,2.5764793135100935e-06,3.4164646350312926e-05,233.0,mae,adam,off,,,,True,42058.0,,,,,,,
thr_tarsus,loio,mlp_results,9,10,inductive,leave_island_out,c:\Users\Simen\OneDrive - NTNU\FYSMAT\INDMAT\25H\Prosjekt\Project_thesis\outputs\nested_cv\thr_tarsus\loio\mlp_results.json,0.2009082953137482,0.2868643764237585,mlp,"(512, 256)",0.445895075005358,False,2.0870684626887865e-06,2.2685117516342754e-05,236.0,mae,adam,off,,,,True,52111.0,,,,,,,
thr_tarsus,loio,mlp_results,10,11,inductive,leave_island_out,c:\Users\Simen\OneDrive - NTNU\FYSMAT\INDMAT\25H\Prosjekt\Project_thesis\outputs\nested_cv\thr_tarsus\loio\mlp_results.json,0.24866268571455605,0.2792669062575092,mlp,"(128, 64)",0.40162275223131183,False,2.1506438823875096e-05,0.00013648421885564924,339.0,mae,adam,off,,,,True,48766.0,,,,,,,
thr_tarsus,loio,sage_inductive_results,0,1,inductive,leave_island_out,c:\Users\Simen\OneDrive - NTNU\FYSMAT\INDMAT\25H\Prosjekt\Project_thesis\outputs\nested_cv\thr_tarsus\loio\sage_inductive_results.json,0.23541260388364454,0.28183798870429,graphsage,"(256, 128)",0.5121035285112243,True,0.0002513605439667415,0.00013451312582945255,63.0,mae,adam,knn,,,,True,24232.0,,,,2.0,True,mutual,grm
thr_tarsus,loio,sage_inductive_results,1,2,inductive,leave_island_out,c:\Users\Simen\OneDrive - NTNU\FYSMAT\INDMAT\25H\Prosjekt\Project_thesis\outputs\nested_cv\thr_tarsus\loio\sage_inductive_results.json,0.4356285294809803,0.2542564255643375,graphsage,"(512, 64)",0.27597417632895693,False,7.706221700121801e-06,1.7868231207422526e-06,93.0,mae,adam,cutoff,0.8657110886590728,cosine_then_gcn,False,True,38154.0,,,,,,,
thr_tarsus,loio,sage_inductive_results,2,3,inductive,leave_island_out,c:\Users\Simen\OneDrive - NTNU\FYSMAT\INDMAT\25H\Prosjekt\Project_thesis\outputs\nested_cv\thr_tarsus\loio\sage_inductive_results.json,0.21962865194372858,0.2828237894184916,graphsage,"(512, 128)",0.18384477917797035,False,5.364421049683079e-05,4.4755027227663105e-05,78.0,mae,adam,cutoff,0.31153174887883,cosine_then_gcn,True,True,59952.0,,,,,,,
thr_tarsus,loio,sage_inductive_results,3,4,inductive,leave_island_out,c:\Users\Simen\OneDrive - NTNU\FYSMAT\INDMAT\25H\Prosjekt\Project_thesis\outputs\nested_cv\thr_tarsus\loio\sage_inductive_results.json,0.2896396307150763,0.2676437601376995,graphsage,"(512, 64)",0.5385314762692528,False,7.640161732915417e-05,2.7990015211807574e-05,84.0,mae,adam,cutoff,0.4292364378396683,gcn,False,True,20769.0,,,,,,,
thr_tarsus,loio,sage_inductive_results,4,5,inductive,leave_island_out,c:\Users\Simen\OneDrive - NTNU\FYSMAT\INDMAT\25H\Prosjekt\Project_thesis\outputs\nested_cv\thr_tarsus\loio\sage_inductive_results.json,0.2265854202761836,0.2786953703733425,graphsage,"(512, 128)",0.16168508504991422,False,3.3711851247717934e-05,3.7276331663248325e-05,68.0,mae,adam,cutoff,0.3859708449701942,none,True,True,30080.0,,,,,,,
thr_tarsus,loio,sage_inductive_results,5,6,inductive,leave_island_out,c:\Users\Simen\OneDrive - NTNU\FYSMAT\INDMAT\25H\Prosjekt\Project_thesis\outputs\nested_cv\thr_tarsus\loio\sage_inductive_results.json,0.24809719168794855,0.25308949405017456,graphsage,"(256, 128)",0.5088612269612138,False,3.9074243303515666e-05,1.521263531371663e-07,193.0,mae,adam,cutoff,0.3765372461028753,cosine,True,True,52088.0,,,,,,,
thr_tarsus,loio,sage_inductive_results,6,7,inductive,leave_island_out,c:\Users\Simen\OneDrive - NTNU\FYSMAT\INDMAT\25H\Prosjekt\Project_thesis\outputs\nested_cv\thr_tarsus\loio\sage_inductive_results.json,0.3878873262292808,0.25924851756661577,graphsage,"(256, 128, 64)",0.30619348962719783,False,4.2791456483274355e-05,5.333164641452995e-06,86.0,mae,adam,cutoff,0.8174937007130542,gcn,True,True,52513.0,,,,,,,
thr_tarsus,loio,sage_inductive_results,7,8,inductive,leave_island_out,c:\Users\Simen\OneDrive - NTNU\FYSMAT\INDMAT\25H\Prosjekt\Project_thesis\outputs\nested_cv\thr_tarsus\loio\sage_inductive_results.json,0.06506867761978642,0.3186191315699354,graphsage,"(128, 64)",0.5745901797510481,True,0.0007348236743617865,3.300378508700061e-05,79.0,mae,adam,cutoff,0.344143672974145,gcn,True,False,,,,,,,,
thr_tarsus,loio,sage_inductive_results,8,9,inductive,leave_island_out,c:\Users\Simen\OneDrive - NTNU\FYSMAT\INDMAT\25H\Prosjekt\Project_thesis\outputs\nested_cv\thr_tarsus\loio\sage_inductive_results.json,0.31875391715182794,0.2647045825331954,graphsage,"(512, 128)",0.288336380390069,False,0.00019728321900661813,2.11446119853223e-05,99.0,mae,adam,cutoff,0.38156091157491473,cosine_then_gcn,True,True,30588.0,,,,,,,
thr_tarsus,loio,sage_inductive_results,9,10,inductive,leave_island_out,c:\Users\Simen\OneDrive - NTNU\FYSMAT\INDMAT\25H\Prosjekt\Project_thesis\outputs\nested_cv\thr_tarsus\loio\sage_inductive_results.json,0.2577923491954298,0.30021150341023195,graphsage,"(512, 256)",0.5723214760704808,False,4.2422289223037175e-06,7.155673581155691e-06,226.0,mae,adam,cutoff,0.5045367147810487,cosine_then_gcn,False,True,59221.0,,,,,,,
thr_tarsus,loio,sage_inductive_results,10,11,inductive,leave_island_out,c:\Users\Simen\OneDrive - NTNU\FYSMAT\INDMAT\25H\Prosjekt\Project_thesis\outputs\nested_cv\thr_tarsus\loio\sage_inductive_results.json,0.23129967652062364,0.2870897643578651,graphsage,"(128, 64)",0.5995702737691805,True,0.0008493819364299599,1.2965918604810226e-07,91.0,mae,adam,cutoff,0.3381004163427109,none,False,False,,,,,,,,
thr_tarsus,loio,sage_results,0,1,transductive,leave_island_out,c:\Users\Simen\OneDrive - NTNU\FYSMAT\INDMAT\25H\Prosjekt\Project_thesis\outputs\nested_cv\thr_tarsus\loio\sage_results.json,0.2592588549793463,0.28023202416303417,graphsage,"(128, 64)",0.46468430941363276,False,3.593539561163751e-05,1.430128041083099e-06,221.0,mae,adam,cutoff,0.4988063465751651,gcn,False,,,,,,,,,
thr_tarsus,loio,sage_results,1,2,transductive,leave_island_out,c:\Users\Simen\OneDrive - NTNU\FYSMAT\INDMAT\25H\Prosjekt\Project_thesis\outputs\nested_cv\thr_tarsus\loio\sage_results.json,0.4041816076892161,0.25754800468514555,graphsage,"(512, 256)",0.3982883394061232,False,6.506511344387479e-05,1.2353815271713639e-05,78.0,mae,adam,cutoff,0.7746426506191325,cosine_then_gcn,True,,,,,,,,,
thr_tarsus,loio,sage_results,2,3,transductive,leave_island_out,c:\Users\Simen\OneDrive - NTNU\FYSMAT\INDMAT\25H\Prosjekt\Project_thesis\outputs\nested_cv\thr_tarsus\loio\sage_results.json,0.19761600653056094,0.292220333988654,graphsage,"(512, 64)",0.5025020741947762,False,7.353928854120903e-05,3.731940597476275e-05,192.0,mae,adam,cutoff,0.4125404780975704,cosine_then_gcn,True,,,,,,,,,
thr_tarsus,loio,sage_results,3,4,transductive,leave_island_out,c:\Users\Simen\OneDrive - NTNU\FYSMAT\INDMAT\25H\Prosjekt\Project_thesis\outputs\nested_cv\thr_tarsus\loio\sage_results.json,0.272427138047168,0.2576962418515501,graphsage,"(256, 128, 64)",0.24776802214419238,False,2.85959176246137e-05,7.940436789453441e-06,60.0,mae,adam,cutoff,0.8303548259409964,cosine,False,,,,,,,,,
thr_tarsus,loio,sage_results,4,5,transductive,leave_island_out,c:\Users\Simen\OneDrive - NTNU\FYSMAT\INDMAT\25H\Prosjekt\Project_thesis\outputs\nested_cv\thr_tarsus\loio\sage_results.json,0.25618149289844144,0.27223534395999155,graphsage,"(512, 64)",0.29538154820233903,False,1.099853929308559e-05,9.198823660565907e-07,70.0,mae,adam,knn,,,,,,,,,10.0,True,union,grm
thr_tarsus,loio,sage_results,5,6,transductive,leave_island_out,c:\Users\Simen\OneDrive - NTNU\FYSMAT\INDMAT\25H\Prosjekt\Project_thesis\outputs\nested_cv\thr_tarsus\loio\sage_results.json,0.24411790676789263,0.25954880639648253,graphsage,"(512, 128)",0.5898107238035948,False,6.834167504129319e-06,0.00022495637731208124,141.0,mae,adam,cutoff,0.6845316379884384,gcn,False,,,,,,,,,
thr_tarsus,loio,sage_results,6,7,transductive,leave_island_out,c:\Users\Simen\OneDrive - NTNU\FYSMAT\INDMAT\25H\Prosjekt\Project_thesis\outputs\nested_cv\thr_tarsus\loio\sage_results.json,0.3895746262757483,0.2590443317835931,graphsage,"(256, 128)",0.572462491959292,False,1.958703646004959e-05,4.104619972739073e-06,123.0,mae,adam,cutoff,0.5134703129180312,none,True,,,,,,,,,
thr_tarsus,loio,sage_results,7,8,transductive,leave_island_out,c:\Users\Simen\OneDrive - NTNU\FYSMAT\INDMAT\25H\Prosjekt\Project_thesis\outputs\nested_cv\thr_tarsus\loio\sage_results.json,0.04211353869901182,0.30355590079709577,graphsage,"(512, 256)",0.4087276611420503,False,6.608730150539273e-05,0.0003563743635047712,203.0,mae,adam,cutoff,0.4713233020063115,none,True,,,,,,,,,
thr_tarsus,loio,sage_results,8,9,transductive,leave_island_out,c:\Users\Simen\OneDrive - NTNU\FYSMAT\INDMAT\25H\Prosjekt\Project_thesis\outputs\nested_cv\thr_tarsus\loio\sage_results.json,0.32777099071318183,0.25055117908180724,graphsage,"(512, 256)",0.5464105339384249,False,2.19921677867958e-05,3.0966011746750415e-07,106.0,mae,adam,cutoff,0.5067065383441544,none,True,,,,,,,,,
thr_tarsus,loio,sage_results,9,10,transductive,leave_island_out,c:\Users\Simen\OneDrive - NTNU\FYSMAT\INDMAT\25H\Prosjekt\Project_thesis\outputs\nested_cv\thr_tarsus\loio\sage_results.json,0.2054872382898552,0.2934713370142613,graphsage,"(256, 128)",0.4903856920333173,False,2.8607021621325087e-05,0.0006596830806794041,179.0,mae,adam,cutoff,0.5294734090324512,gcn,False,,,,,,,,,
thr_tarsus,loio,sage_results,10,11,transductive,leave_island_out,c:\Users\Simen\OneDrive - NTNU\FYSMAT\INDMAT\25H\Prosjekt\Project_thesis\outputs\nested_cv\thr_tarsus\loio\sage_results.json,0.22750480603759535,0.2795444198371875,graphsage,"(512, 256)",0.5379737993267619,False,1.7955936702992346e-05,4.096387674940985e-07,171.0,mae,adam,cutoff,0.5623425979623293,gcn,True,,,,,,,,,
thr_wing,within,gcn_results,0,1,transductive,kfold,c:\Users\Simen\OneDrive - NTNU\FYSMAT\INDMAT\25H\Prosjekt\Project_thesis\outputs\nested_cv\thr_wing\within\gcn_results.json,0.3072911401678892,0.31335727417865833,gcn,"(512, 256)",0.5839930059741004,True,0.0012046840664219865,6.039316271016291e-07,57.0,mae,adam,cutoff,0.7642654875946018,cosine_then_gcn,False,True,45467.0,,,,,,,
thr_wing,within,gcn_results,1,2,transductive,kfold,c:\Users\Simen\OneDrive - NTNU\FYSMAT\INDMAT\25H\Prosjekt\Project_thesis\outputs\nested_cv\thr_wing\within\gcn_results.json,0.2704399704059537,0.3166792656108621,gcn,"(256, 128, 64)",0.5999081943680996,True,0.00024968401810903886,6.785829071288778e-06,97.0,mae,adam,cutoff,0.8622942981406208,gcn,False,True,52724.0,,,,,,,
thr_wing,within,gcn_results,2,3,transductive,kfold,c:\Users\Simen\OneDrive - NTNU\FYSMAT\INDMAT\25H\Prosjekt\Project_thesis\outputs\nested_cv\thr_wing\within\gcn_results.json,0.3222883531586258,0.3066518037274824,gcn,"(512, 64)",0.2848635878893811,True,0.0001483012139987193,0.00011391380001823191,104.0,mae,adam,cutoff,0.7845502471080095,none,False,True,20750.0,,,,,,,
thr_wing,within,gcn_results,3,4,transductive,kfold,c:\Users\Simen\OneDrive - NTNU\FYSMAT\INDMAT\25H\Prosjekt\Project_thesis\outputs\nested_cv\thr_wing\within\gcn_results.json,0.383681758726041,0.31587478269715125,gcn,"(512, 256)",0.18937091172342121,True,0.00011927638192565845,2.1541744909350982e-05,249.0,mae,adam,cutoff,0.8319455243644908,cosine,False,True,31759.0,,,,,,,
thr_wing,within,gcn_results,4,5,transductive,kfold,c:\Users\Simen\OneDrive - NTNU\FYSMAT\INDMAT\25H\Prosjekt\Project_thesis\outputs\nested_cv\thr_wing\within\gcn_results.json,0.33449099833127455,0.3162509929377426,gcn,"(512, 64)",0.2149966383818279,True,0.00028714592820692857,4.654058477157167e-05,167.0,mae,adam,cutoff,0.837459697486938,cosine,False,True,44117.0,,,,,,,
thr_wing,within,gcn_results,5,6,transductive,kfold,c:\Users\Simen\OneDrive - NTNU\FYSMAT\INDMAT\25H\Prosjekt\Project_thesis\outputs\nested_cv\thr_wing\within\gcn_results.json,0.22050357050815117,0.32261396288913385,gcn,"(512, 128)",0.30736554720831905,True,0.00022880062452923993,5.111457843033184e-05,92.0,mae,adam,cutoff,0.8137449638836042,none,False,False,,,,,,,,
thr_wing,within,gcn_results,6,7,transductive,kfold,c:\Users\Simen\OneDrive - NTNU\FYSMAT\INDMAT\25H\Prosjekt\Project_thesis\outputs\nested_cv\thr_wing\within\gcn_results.json,0.31955332203641923,0.31961821300847115,gcn,"(512, 256)",0.40074017689070046,True,0.006305974975950723,1.2263207378210907e-07,217.0,mse,adam,cutoff,0.854419460742369,cosine_then_gcn,True,False,,,,,,,,
thr_wing,within,gcn_results,7,8,transductive,kfold,c:\Users\Simen\OneDrive - NTNU\FYSMAT\INDMAT\25H\Prosjekt\Project_thesis\outputs\nested_cv\thr_wing\within\gcn_results.json,0.3328692395823517,0.3209301661797187,gcn,"(512, 256)",0.5862570816688698,True,8.467233154647021e-05,1.8970379661715876e-07,239.0,mae,adam,cutoff,0.8459185346951985,gcn,False,False,,,,,,,,
thr_wing,within,gcn_results,8,9,transductive,kfold,c:\Users\Simen\OneDrive - NTNU\FYSMAT\INDMAT\25H\Prosjekt\Project_thesis\outputs\nested_cv\thr_wing\within\gcn_results.json,0.40345889629634246,0.3161096373420557,gcn,"(512, 64)",0.5553004680214794,True,0.0002892409258741937,9.733814502589802e-05,84.0,mae,adam,cutoff,0.71065124169937,cosine_then_gcn,False,True,44317.0,,,,,,,
thr_wing,within,gcn_results,9,10,transductive,kfold,c:\Users\Simen\OneDrive - NTNU\FYSMAT\INDMAT\25H\Prosjekt\Project_thesis\outputs\nested_cv\thr_wing\within\gcn_results.json,0.416978692570871,0.3237245808684047,gcn,"(256, 128)",0.5781786472924946,True,0.0011200689643474679,0.0006212022291221379,62.0,mae,adam,cutoff,0.7555993483055746,cosine_then_gcn,True,False,,,,,,,,
thr_wing,within,mlp_results,0,1,inductive,kfold,c:\Users\Simen\OneDrive - NTNU\FYSMAT\INDMAT\25H\Prosjekt\Project_thesis\outputs\nested_cv\thr_wing\within\mlp_results.json,0.31211031225358077,0.31615250030285846,mlp,"(512, 256)",0.23058669639933632,False,4.293559348159822e-06,8.600488888872454e-06,335.0,mae,adam,off,,,,True,54888.0,,,,,,,
thr_wing,within,mlp_results,1,2,inductive,kfold,c:\Users\Simen\OneDrive - NTNU\FYSMAT\INDMAT\25H\Prosjekt\Project_thesis\outputs\nested_cv\thr_wing\within\mlp_results.json,0.239171272025013,0.3172677545951165,mlp,"(512, 128)",0.30783301342142005,False,2.5297180179266372e-06,1.216508471096168e-05,290.0,mse,adam,off,,,,True,52148.0,,,,,,,
thr_wing,within,mlp_results,2,3,inductive,kfold,c:\Users\Simen\OneDrive - NTNU\FYSMAT\INDMAT\25H\Prosjekt\Project_thesis\outputs\nested_cv\thr_wing\within\mlp_results.json,0.3491870727381593,0.30751839937923303,mlp,"(512, 64)",0.45650944886917827,False,2.8400777967904842e-06,6.000366749657411e-06,257.0,mse,adam,off,,,,False,,,,,,,,
thr_wing,within,mlp_results,3,4,inductive,kfold,c:\Users\Simen\OneDrive - NTNU\FYSMAT\INDMAT\25H\Prosjekt\Project_thesis\outputs\nested_cv\thr_wing\within\mlp_results.json,0.3950270588540673,0.31462448978204655,mlp,"(512, 256)",0.46195153272734774,False,3.5041154059562883e-06,5.523800728326301e-07,184.0,mse,adam,off,,,,False,,,,,,,,
thr_wing,within,mlp_results,4,5,inductive,kfold,c:\Users\Simen\OneDrive - NTNU\FYSMAT\INDMAT\25H\Prosjekt\Project_thesis\outputs\nested_cv\thr_wing\within\mlp_results.json,0.2927209939852276,0.3151883427078935,mlp,"(512, 256)",0.48626052487131705,True,8.064074783754504e-05,3.2017884126575275e-07,115.0,mae,adam,off,,,,False,,,,,,,,
thr_wing,within,mlp_results,5,6,inductive,kfold,c:\Users\Simen\OneDrive - NTNU\FYSMAT\INDMAT\25H\Prosjekt\Project_thesis\outputs\nested_cv\thr_wing\within\mlp_results.json,0.33020315485359214,0.31639482456999446,mlp,"(512, 64)",0.17517471855715255,True,2.1146750778118135e-05,0.000522901466986489,322.0,mse,adam,off,,,,True,48919.0,,,,,,,
thr_wing,within,mlp_results,6,7,inductive,kfold,c:\Users\Simen\OneDrive - NTNU\FYSMAT\INDMAT\25H\Prosjekt\Project_thesis\outputs\nested_cv\thr_wing\within\mlp_results.json,0.3110009967941835,0.3230563431000552,mlp,"(256, 128, 64)",0.5991731133317604,True,0.0009854595031805235,6.837949750666113e-05,102.0,mae,adam,off,,,,False,,,,,,,,
thr_wing,within,mlp_results,7,8,inductive,kfold,c:\Users\Simen\OneDrive - NTNU\FYSMAT\INDMAT\25H\Prosjekt\Project_thesis\outputs\nested_cv\thr_wing\within\mlp_results.json,0.35028057271599616,0.31751484692709636,mlp,"(512, 256)",0.536402759401188,True,6.805549292503247e-05,1.5319844456757072e-07,146.0,mae,adam,off,,,,False,,,,,,,,
thr_wing,within,mlp_results,8,9,inductive,kfold,c:\Users\Simen\OneDrive - NTNU\FYSMAT\INDMAT\25H\Prosjekt\Project_thesis\outputs\nested_cv\thr_wing\within\mlp_results.json,0.4023052710834565,0.314602625654642,mlp,"(512, 256)",0.5824899431442744,True,8.488775762637441e-05,0.0007964261001650587,194.0,mae,adam,off,,,,False,,,,,,,,
thr_wing,within,mlp_results,9,10,inductive,kfold,c:\Users\Simen\OneDrive - NTNU\FYSMAT\INDMAT\25H\Prosjekt\Project_thesis\outputs\nested_cv\thr_wing\within\mlp_results.json,0.42438118561650534,0.3204759444484463,mlp,"(512, 256)",0.5881716085578599,False,8.958396449358627e-06,7.152023059476145e-07,190.0,mse,adam,off,,,,True,56463.0,,,,,,,
thr_wing,within,sage_inductive_results,0,1,inductive,kfold,c:\Users\Simen\OneDrive - NTNU\FYSMAT\INDMAT\25H\Prosjekt\Project_thesis\outputs\nested_cv\thr_wing\within\sage_inductive_results.json,0.283733202122276,0.31323712514652646,graphsage,"(512, 128)",0.5803556783217604,True,0.0068008003964908055,1.5937781521944738e-05,65.0,mse,adam,cutoff,0.8295966236352704,gcn,True,False,,max,True,False,,,,
thr_wing,within,sage_inductive_results,1,2,inductive,kfold,c:\Users\Simen\OneDrive - NTNU\FYSMAT\INDMAT\25H\Prosjekt\Project_thesis\outputs\nested_cv\thr_wing\within\sage_inductive_results.json,0.2528346702540425,0.3163297088354978,graphsage,"(256, 128)",0.3076478215269225,False,2.3876638431075682e-05,9.33232183768558e-06,158.0,mse,adam,cutoff,0.8171725106286095,gcn,False,False,,max,False,False,,,,
thr_wing,within,sage_inductive_results,2,3,inductive,kfold,c:\Users\Simen\OneDrive - NTNU\FYSMAT\INDMAT\25H\Prosjekt\Project_thesis\outputs\nested_cv\thr_wing\within\sage_inductive_results.json,0.3438278888855226,0.3040003758189352,graphsage,"(512, 64)",0.5106007587540554,True,0.0057872944564770785,1.1898806753068366e-07,112.0,mse,adam,cutoff,0.7608415627970275,cosine,False,True,44098.0,max,False,False,,,,
thr_wing,within,sage_inductive_results,3,4,inductive,kfold,c:\Users\Simen\OneDrive - NTNU\FYSMAT\INDMAT\25H\Prosjekt\Project_thesis\outputs\nested_cv\thr_wing\within\sage_inductive_results.json,0.38552174797616623,0.3135844423276103,graphsage,"(512, 128)",0.5265984835592583,True,0.006128020906637369,5.744206454204083e-06,63.0,mse,adam,cutoff,0.6533717660363065,cosine,False,False,,max,False,False,,,,
thr_wing,within,sage_inductive_results,4,5,inductive,kfold,c:\Users\Simen\OneDrive - NTNU\FYSMAT\INDMAT\25H\Prosjekt\Project_thesis\outputs\nested_cv\thr_wing\within\sage_inductive_results.json,0.3078580777157946,0.3182992944876167,graphsage,"(256, 128, 64)",0.5989122524766197,True,0.008934443276888238,7.375659831013309e-07,215.0,mse,adam,cutoff,0.7865956316485893,cosine,True,False,,mean,True,False,,,,
thr_wing,within,sage_inductive_results,5,6,inductive,kfold,c:\Users\Simen\OneDrive - NTNU\FYSMAT\INDMAT\25H\Prosjekt\Project_thesis\outputs\nested_cv\thr_wing\within\sage_inductive_results.json,0.3245678022278259,0.31716674889826163,graphsage,"(512, 64)",0.4921605042203814,True,0.005698782793468826,1.9709266465446807e-06,96.0,mse,adam,cutoff,0.8103955959542148,cosine,True,False,,mean,True,False,,,,
thr_wing,within,sage_inductive_results,6,7,inductive,kfold,c:\Users\Simen\OneDrive - NTNU\FYSMAT\INDMAT\25H\Prosjekt\Project_thesis\outputs\nested_cv\thr_wing\within\sage_inductive_results.json,0.29966195269817625,0.32167090191646536,graphsage,"(256, 128)",0.4577742614422722,True,0.00612919306780413,2.713893999711752e-06,143.0,mse,adam,cutoff,0.7777026848390618,cosine_then_gcn,False,False,,mean,True,False,,,,
thr_wing,within,sage_inductive_results,7,8,inductive,kfold,c:\Users\Simen\OneDrive - NTNU\FYSMAT\INDMAT\25H\Prosjekt\Project_thesis\outputs\nested_cv\thr_wing\within\sage_inductive_results.json,0.3461098182646483,0.31793588769783154,graphsage,"(512, 64)",0.3151409157957315,True,0.0030764794263821904,7.812216402787587e-06,157.0,mse,adam,cutoff,0.8774817309257837,gcn,False,False,,max,False,False,,,,
thr_wing,within,sage_inductive_results,8,9,inductive,kfold,c:\Users\Simen\OneDrive - NTNU\FYSMAT\INDMAT\25H\Prosjekt\Project_thesis\outputs\nested_cv\thr_wing\within\sage_inductive_results.json,0.41558478398036536,0.3184890102856323,graphsage,"(512, 128)",0.5713168161761505,True,0.005475995772807233,1.3759342796124251e-06,120.0,mse,adam,cutoff,0.8088662774691149,cosine_then_gcn,True,False,,mean,True,False,,,,
thr_wing,within,sage_inductive_results,9,10,inductive,kfold,c:\Users\Simen\OneDrive - NTNU\FYSMAT\INDMAT\25H\Prosjekt\Project_thesis\outputs\nested_cv\thr_wing\within\sage_inductive_results.json,0.4142069792170699,0.32043748965522606,graphsage,"(256, 128)",0.4285183014629377,True,0.0018483642477092534,2.662886205693422e-07,284.0,mse,adam,cutoff,0.8051148716857719,cosine,True,False,,mean,True,False,,,,
thr_wing,within,sage_results,0,1,transductive,kfold,c:\Users\Simen\OneDrive - NTNU\FYSMAT\INDMAT\25H\Prosjekt\Project_thesis\outputs\nested_cv\thr_wing\within\sage_results.json,0.2824462979107652,0.31095716943054386,graphsage,"(512, 64)",0.5714707330929277,True,0.005887331614066615,1.034700976576079e-05,237.0,mae,adam,cutoff,0.8286472298717851,none,True,False,,mean,True,False,,,,
thr_wing,within,sage_results,1,2,transductive,kfold,c:\Users\Simen\OneDrive - NTNU\FYSMAT\INDMAT\25H\Prosjekt\Project_thesis\outputs\nested_cv\thr_wing\within\sage_results.json,0.24649454826498862,0.3123866227334652,graphsage,"(256, 128)",0.4545638174017462,False,0.001583542738730006,6.677182369807324e-06,339.0,mse,adam,cutoff,0.4122967965041634,cosine_then_gcn,False,False,,mean,True,False,,,,
thr_wing,within,sage_results,2,3,transductive,kfold,c:\Users\Simen\OneDrive - NTNU\FYSMAT\INDMAT\25H\Prosjekt\Project_thesis\outputs\nested_cv\thr_wing\within\sage_results.json,0.31244259533382623,0.3068879314968838,graphsage,"(512, 128)",0.364473286292116,False,3.159943584165292e-05,1.8825601967954321e-06,108.0,mse,adam,cutoff,0.7905937375145632,none,False,True,59095.0,mean,False,False,,,,
thr_wing,within,sage_results,3,4,transductive,kfold,c:\Users\Simen\OneDrive - NTNU\FYSMAT\INDMAT\25H\Prosjekt\Project_thesis\outputs\nested_cv\thr_wing\within\sage_results.json,0.349599586197368,0.3095226162433806,graphsage,"(256, 128)",0.43738877444381685,False,0.002610102248682687,6.043066945412146e-07,333.0,mse,adam,cutoff,0.2885619499951346,cosine_then_gcn,True,False,,mean,True,False,,,,
thr_wing,within,sage_results,4,5,transductive,kfold,c:\Users\Simen\OneDrive - NTNU\FYSMAT\INDMAT\25H\Prosjekt\Project_thesis\outputs\nested_cv\thr_wing\within\sage_results.json,0.29739778086202934,0.3115588534626376,graphsage,"(512, 256)",0.3431550286091326,False,0.002712207745914458,9.598574704260586e-07,280.0,mse,adam,cutoff,0.8301833030867315,cosine_then_gcn,True,True,58125.0,max,True,False,,,,
thr_wing,within,sage_results,5,6,transductive,kfold,c:\Users\Simen\OneDrive - NTNU\FYSMAT\INDMAT\25H\Prosjekt\Project_thesis\outputs\nested_cv\thr_wing\within\sage_results.json,0.3016612589525248,0.31796609177250984,graphsage,"(512, 64)",0.49086687234590515,True,0.006863765826102171,2.5688776135166294e-05,94.0,mse,adam,cutoff,0.8434888524820693,cosine_then_gcn,True,False,,max,False,False,,,,
thr_wing,within,sage_results,6,7,transductive,kfold,c:\Users\Simen\OneDrive - NTNU\FYSMAT\INDMAT\25H\Prosjekt\Project_thesis\outputs\nested_cv\thr_wing\within\sage_results.json,0.2990112880828673,0.32429274467006397,graphsage,"(256, 128, 64)",0.45195538550332526,True,0.006551440361848901,8.150406266493423e-07,54.0,mse,adam,cutoff,0.6728862504490372,cosine,True,False,,mean,False,False,,,,
thr_wing,within,sage_results,7,8,transductive,kfold,c:\Users\Simen\OneDrive - NTNU\FYSMAT\INDMAT\25H\Prosjekt\Project_thesis\outputs\nested_cv\thr_wing\within\sage_results.json,0.3527554217374214,0.31390390617178887,graphsage,"(512, 256)",0.5390474036887554,False,0.0067235979205543485,8.782911770464306e-07,241.0,mse,adam,cutoff,0.7504463142346708,none,False,False,,mean,True,False,,,,
thr_wing,within,sage_results,8,9,transductive,kfold,c:\Users\Simen\OneDrive - NTNU\FYSMAT\INDMAT\25H\Prosjekt\Project_thesis\outputs\nested_cv\thr_wing\within\sage_results.json,0.4036985668043163,0.3168294280816478,graphsage,"(512, 128)",0.4874146146550975,True,0.008424130409939948,2.956296176308716e-07,346.0,mse,adam,cutoff,0.7711448961202546,cosine_then_gcn,False,False,,max,False,False,,,,
thr_wing,within,sage_results,9,10,transductive,kfold,c:\Users\Simen\OneDrive - NTNU\FYSMAT\INDMAT\25H\Prosjekt\Project_thesis\outputs\nested_cv\thr_wing\within\sage_results.json,0.41025624678196,0.3171584343467778,graphsage,"(512, 128)",0.1545423892051331,True,0.004300132201491419,0.00011203339828840709,301.0,mse,adam,knn,,,True,True,49216.0,mean,True,False,5.0,False,union,
thr_wing,loio,ens_sage_results,0,1,inductive_ensemble,leave_island_out,c:\Users\Simen\OneDrive - NTNU\FYSMAT\INDMAT\25H\Prosjekt\Project_thesis\outputs\nested_cv\thr_wing\loio\ens_sage_results.json,0.20091124027688972,,,,,,,,,,,,,,,,,,,,,,,
thr_wing,loio,ens_sage_results,1,2,inductive_ensemble,leave_island_out,c:\Users\Simen\OneDrive - NTNU\FYSMAT\INDMAT\25H\Prosjekt\Project_thesis\outputs\nested_cv\thr_wing\loio\ens_sage_results.json,0.17761386918477995,,,,,,,,,,,,,,,,,,,,,,,
thr_wing,loio,ens_sage_results,2,3,inductive_ensemble,leave_island_out,c:\Users\Simen\OneDrive - NTNU\FYSMAT\INDMAT\25H\Prosjekt\Project_thesis\outputs\nested_cv\thr_wing\loio\ens_sage_results.json,0.2529197912596185,,,,,,,,,,,,,,,,,,,,,,,
thr_wing,loio,ens_sage_results,3,4,inductive_ensemble,leave_island_out,c:\Users\Simen\OneDrive - NTNU\FYSMAT\INDMAT\25H\Prosjekt\Project_thesis\outputs\nested_cv\thr_wing\loio\ens_sage_results.json,0.370401323862355,,,,,,,,,,,,,,,,,,,,,,,
thr_wing,loio,ens_sage_results,4,5,inductive_ensemble,leave_island_out,c:\Users\Simen\OneDrive - NTNU\FYSMAT\INDMAT\25H\Prosjekt\Project_thesis\outputs\nested_cv\thr_wing\loio\ens_sage_results.json,0.10921023531185078,,,,,,,,,,,,,,,,,,,,,,,
thr_wing,loio,ens_sage_results,5,6,inductive_ensemble,leave_island_out,c:\Users\Simen\OneDrive - NTNU\FYSMAT\INDMAT\25H\Prosjekt\Project_thesis\outputs\nested_cv\thr_wing\loio\ens_sage_results.json,0.14768364157384098,,,,,,,,,,,,,,,,,,,,,,,
thr_wing,loio,ens_sage_results,6,7,inductive_ensemble,leave_island_out,c:\Users\Simen\OneDrive - NTNU\FYSMAT\INDMAT\25H\Prosjekt\Project_thesis\outputs\nested_cv\thr_wing\loio\ens_sage_results.json,0.31048995980824673,,,,,,,,,,,,,,,,,,,,,,,
thr_wing,loio,ens_sage_results,7,8,inductive_ensemble,leave_island_out,c:\Users\Simen\OneDrive - NTNU\FYSMAT\INDMAT\25H\Prosjekt\Project_thesis\outputs\nested_cv\thr_wing\loio\ens_sage_results.json,0.4166099363003703,,,,,,,,,,,,,,,,,,,,,,,
thr_wing,loio,ens_sage_results,8,9,inductive_ensemble,leave_island_out,c:\Users\Simen\OneDrive - NTNU\FYSMAT\INDMAT\25H\Prosjekt\Project_thesis\outputs\nested_cv\thr_wing\loio\ens_sage_results.json,0.0839735316011772,,,,,,,,,,,,,,,,,,,,,,,
thr_wing,loio,ens_sage_results,9,10,inductive_ensemble,leave_island_out,c:\Users\Simen\OneDrive - NTNU\FYSMAT\INDMAT\25H\Prosjekt\Project_thesis\outputs\nested_cv\thr_wing\loio\ens_sage_results.json,0.11705496334034109,,,,,,,,,,,,,,,,,,,,,,,
thr_wing,loio,ens_sage_results,10,11,inductive_ensemble,leave_island_out,c:\Users\Simen\OneDrive - NTNU\FYSMAT\INDMAT\25H\Prosjekt\Project_thesis\outputs\nested_cv\thr_wing\loio\ens_sage_results.json,0.11061506839523591,,,,,,,,,,,,,,,,,,,,,,,
thr_wing,loio,gcn_inductive_results,0,1,inductive,leave_island_out,c:\Users\Simen\OneDrive - NTNU\FYSMAT\INDMAT\25H\Prosjekt\Project_thesis\outputs\nested_cv\thr_wing\loio\gcn_inductive_results.json,0.11301478060443565,0.2568771496575922,gcn,"(256, 128)",0.5994119067760715,True,0.0001216163062218571,8.75430307761968e-06,224.0,mae,adam,cutoff,0.7728064460104187,none,False,False,,,,,,,,
thr_wing,loio,gcn_inductive_results,1,2,inductive,leave_island_out,c:\Users\Simen\OneDrive - NTNU\FYSMAT\INDMAT\25H\Prosjekt\Project_thesis\outputs\nested_cv\thr_wing\loio\gcn_inductive_results.json,0.2910492822306849,0.2419482762567454,gcn,"(512, 256)",0.2985674067132496,False,1.9418780163844303e-05,7.325548675936212e-06,208.0,mae,adam,cutoff,0.629176011280002,gcn,False,False,,,,,,,,
thr_wing,loio,gcn_inductive_results,2,3,inductive,leave_island_out,c:\Users\Simen\OneDrive - NTNU\FYSMAT\INDMAT\25H\Prosjekt\Project_thesis\outputs\nested_cv\thr_wing\loio\gcn_inductive_results.json,0.21725993150725953,0.22795333200371637,gcn,"(256, 128, 64)",0.11511358481286044,False,0.00011434857976800448,0.00023090115090104504,146.0,mae,adam,cutoff,0.6002917755336475,cosine,True,False,,,,,,,,
thr_wing,loio,gcn_inductive_results,3,4,inductive,leave_island_out,c:\Users\Simen\OneDrive - NTNU\FYSMAT\INDMAT\25H\Prosjekt\Project_thesis\outputs\nested_cv\thr_wing\loio\gcn_inductive_results.json,0.34032818585140706,0.21313452325164423,gcn,"(512, 256)",0.11443607915546147,True,7.748909332898831e-05,1.0131424977994981e-05,97.0,mae,adam,cutoff,0.6969257397763153,cosine_then_gcn,False,False,,,,,,,,
thr_wing,loio,gcn_inductive_results,4,5,inductive,leave_island_out,c:\Users\Simen\OneDrive - NTNU\FYSMAT\INDMAT\25H\Prosjekt\Project_thesis\outputs\nested_cv\thr_wing\loio\gcn_inductive_results.json,0.08290542940513908,0.25039045724093645,gcn,"(512, 64)",0.5056187860308117,True,5.0253064178329116e-05,5.1924677572802795e-06,215.0,mse,adam,cutoff,0.7695036187657123,none,False,False,,,,,,,,
thr_wing,loio,gcn_inductive_results,5,6,inductive,leave_island_out,c:\Users\Simen\OneDrive - NTNU\FYSMAT\INDMAT\25H\Prosjekt\Project_thesis\outputs\nested_cv\thr_wing\loio\gcn_inductive_results.json,0.1256977276722634,0.23916003372893982,gcn,"(512, 256)",0.4666034724814079,False,0.0007705779229631107,5.186867959026174e-06,138.0,mae,adam,cutoff,0.2865687932569672,gcn,True,False,,,,,,,,
thr_wing,loio,gcn_inductive_results,6,7,inductive,leave_island_out,c:\Users\Simen\OneDrive - NTNU\FYSMAT\INDMAT\25H\Prosjekt\Project_thesis\outputs\nested_cv\thr_wing\loio\gcn_inductive_results.json,0.3246114639268022,0.2305525251833434,gcn,"(512, 256)",0.4164044095865098,False,2.8200334767657677e-05,0.00034751789214853716,245.0,mae,adam,cutoff,0.6305948261868991,gcn,True,False,,,,,,,,
thr_wing,loio,gcn_inductive_results,7,8,inductive,leave_island_out,c:\Users\Simen\OneDrive - NTNU\FYSMAT\INDMAT\25H\Prosjekt\Project_thesis\outputs\nested_cv\thr_wing\loio\gcn_inductive_results.json,0.3767872248485275,0.22542415847164063,gcn,"(128, 64)",0.5507832446057319,True,0.00010135548284086682,6.110953712312716e-05,124.0,mae,adam,cutoff,0.6267561463217556,none,True,False,,,,,,,,
thr_wing,loio,gcn_inductive_results,8,9,inductive,leave_island_out,c:\Users\Simen\OneDrive - NTNU\FYSMAT\INDMAT\25H\Prosjekt\Project_thesis\outputs\nested_cv\thr_wing\loio\gcn_inductive_results.json,0.19263716514354587,0.24194668061115793,gcn,"(512, 128)",0.540301899177544,False,3.8345118236663095e-05,2.1123604228575757e-05,270.0,mae,adam,cutoff,0.5869488117152317,gcn,True,False,,,,,,,,
thr_wing,loio,gcn_inductive_results,9,10,inductive,leave_island_out,c:\Users\Simen\OneDrive - NTNU\FYSMAT\INDMAT\25H\Prosjekt\Project_thesis\outputs\nested_cv\thr_wing\loio\gcn_inductive_results.json,0.20437862845340307,0.24922859551624352,gcn,"(512, 256)",0.41360179150969145,True,2.9712755825870142e-05,0.00015769446199801005,268.0,mae,adam,cutoff,0.682113538726965,cosine_then_gcn,True,False,,,,,,,,
thr_wing,loio,gcn_inductive_results,10,11,inductive,leave_island_out,c:\Users\Simen\OneDrive - NTNU\FYSMAT\INDMAT\25H\Prosjekt\Project_thesis\outputs\nested_cv\thr_wing\loio\gcn_inductive_results.json,0.18587328593881453,0.25107234414299456,gcn,"(512, 256)",0.1898823169591341,True,6.444390686076009e-05,7.281388353174029e-05,251.0,mae,adam,cutoff,0.6145214875080333,gcn,False,False,,,,,,,,
thr_wing,loio,gcn_results,0,1,transductive,leave_island_out,c:\Users\Simen\OneDrive - NTNU\FYSMAT\INDMAT\25H\Prosjekt\Project_thesis\outputs\nested_cv\thr_wing\loio\gcn_results.json,0.15566084212024692,0.26668536799749154,gcn,"(512, 128)",0.5136518881702479,False,6.5040263438906e-05,1.9336605763950983e-05,312.0,mae,adam,cutoff,0.8766427955397806,gcn,False,True,29189.0,,,,,,,
thr_wing,loio,gcn_results,1,2,transductive,leave_island_out,c:\Users\Simen\OneDrive - NTNU\FYSMAT\INDMAT\25H\Prosjekt\Project_thesis\outputs\nested_cv\thr_wing\loio\gcn_results.json,0.229653448510528,0.25202281507377744,gcn,"(512, 128)",0.5182942620130704,False,8.616324568167171e-05,6.282281643048703e-05,300.0,mae,adam,cutoff,0.8115573992607409,none,True,True,12213.0,,,,,,,
thr_wing,loio,gcn_results,2,3,transductive,leave_island_out,c:\Users\Simen\OneDrive - NTNU\FYSMAT\INDMAT\25H\Prosjekt\Project_thesis\outputs\nested_cv\thr_wing\loio\gcn_results.json,0.2511888680658795,0.22313514561579031,gcn,"(512, 128)",0.13514638094085607,False,0.0001833572878889738,1.0473164859162528e-07,216.0,mae,adam,cutoff,0.7312978503741367,none,False,True,27259.0,,,,,,,
thr_wing,loio,gcn_results,3,4,transductive,leave_island_out,c:\Users\Simen\OneDrive - NTNU\FYSMAT\INDMAT\25H\Prosjekt\Project_thesis\outputs\nested_cv\thr_wing\loio\gcn_results.json,0.3119601551985562,0.2138039829240434,gcn,"(512, 128)",0.386905888653116,False,1.5926126863469595e-05,4.7804911680783565e-05,270.0,mae,adam,cutoff,0.6587217978930389,none,True,False,,,,,,,,
thr_wing,loio,gcn_results,4,5,transductive,leave_island_out,c:\Users\Simen\OneDrive - NTNU\FYSMAT\INDMAT\25H\Prosjekt\Project_thesis\outputs\nested_cv\thr_wing\loio\gcn_results.json,0.12265822778264639,0.25971573125416236,gcn,"(512, 64)",0.375078871050221,False,0.0003776328768462996,0.0004684685279964165,330.0,mse,adam,cutoff,0.8848583032360139,none,False,True,17699.0,,,,,,,
thr_wing,loio,gcn_results,5,6,transductive,leave_island_out,c:\Users\Simen\OneDrive - NTNU\FYSMAT\INDMAT\25H\Prosjekt\Project_thesis\outputs\nested_cv\thr_wing\loio\gcn_results.json,0.16265239808343,0.24550165994511527,gcn,"(512, 128)",0.48650151426499244,False,1.6029545874798985e-05,7.639667747534478e-05,202.0,mae,adam,cutoff,0.7104866954155137,none,True,True,54564.0,,,,,,,
thr_wing,loio,gcn_results,6,7,transductive,leave_island_out,c:\Users\Simen\OneDrive - NTNU\FYSMAT\INDMAT\25H\Prosjekt\Project_thesis\outputs\nested_cv\thr_wing\loio\gcn_results.json,0.3217828564528776,0.2281988180525075,gcn,"(512, 128)",0.5652267876977001,False,6.432113440860496e-05,3.2371245452440445e-06,311.0,mae,adam,cutoff,0.6875505833610815,none,True,False,,,,,,,,
thr_wing,loio,gcn_results,7,8,transductive,leave_island_out,c:\Users\Simen\OneDrive - NTNU\FYSMAT\INDMAT\25H\Prosjekt\Project_thesis\outputs\nested_cv\thr_wing\loio\gcn_results.json,0.41213106526617665,0.22725322651016153,gcn,"(256, 128)",0.25367868462185245,False,7.769590337146239e-05,2.6090139158148005e-07,254.0,mae,adam,cutoff,0.6540587720888628,none,False,True,31886.0,,,,,,,
thr_wing,loio,gcn_results,8,9,transductive,leave_island_out,c:\Users\Simen\OneDrive - NTNU\FYSMAT\INDMAT\25H\Prosjekt\Project_thesis\outputs\nested_cv\thr_wing\loio\gcn_results.json,0.1537044829880761,0.22868197317050956,gcn,"(512, 128)",0.5826855211869371,False,0.00020843260934565392,2.086245627821293e-05,144.0,mae,adam,knn,,,,True,25307.0,,,,5.0,True,mutual,grm
thr_wing,loio,gcn_results,9,10,transductive,leave_island_out,c:\Users\Simen\OneDrive - NTNU\FYSMAT\INDMAT\25H\Prosjekt\Project_thesis\outputs\nested_cv\thr_wing\loio\gcn_results.json,0.2671027324731544,0.2578945296140061,gcn,"(512, 128)",0.4646607714377395,False,0.0002595647580555398,1.0153009630179118e-05,236.0,mse,adam,cutoff,0.6330529099366692,gcn,True,True,18699.0,,,,,,,
thr_wing,loio,gcn_results,10,11,transductive,leave_island_out,c:\Users\Simen\OneDrive - NTNU\FYSMAT\INDMAT\25H\Prosjekt\Project_thesis\outputs\nested_cv\thr_wing\loio\gcn_results.json,0.15800613103876027,0.2639923834003105,gcn,"(512, 64)",0.1421718293453719,False,0.00046069938264760844,0.0005476743940476265,221.0,mae,adam,cutoff,0.841762530871528,none,False,True,23156.0,,,,,,,
thr_wing,loio,mlp_ens_results,0,1,inductive_ensemble,leave_island_out,c:\Users\Simen\OneDrive - NTNU\FYSMAT\INDMAT\25H\Prosjekt\Project_thesis\outputs\nested_cv\thr_wing\loio\mlp_ens_results.json,0.16783658079138553,,,,,,,,,,,,,,,,,,,,,,,
thr_wing,loio,mlp_ens_results,1,2,inductive_ensemble,leave_island_out,c:\Users\Simen\OneDrive - NTNU\FYSMAT\INDMAT\25H\Prosjekt\Project_thesis\outputs\nested_cv\thr_wing\loio\mlp_ens_results.json,0.1749069540576971,,,,,,,,,,,,,,,,,,,,,,,
thr_wing,loio,mlp_ens_results,2,3,inductive_ensemble,leave_island_out,c:\Users\Simen\OneDrive - NTNU\FYSMAT\INDMAT\25H\Prosjekt\Project_thesis\outputs\nested_cv\thr_wing\loio\mlp_ens_results.json,0.24733425044922155,,,,,,,,,,,,,,,,,,,,,,,
thr_wing,loio,mlp_ens_results,3,4,inductive_ensemble,leave_island_out,c:\Users\Simen\OneDrive - NTNU\FYSMAT\INDMAT\25H\Prosjekt\Project_thesis\outputs\nested_cv\thr_wing\loio\mlp_ens_results.json,0.3379659220515814,,,,,,,,,,,,,,,,,,,,,,,
thr_wing,loio,mlp_ens_results,4,5,inductive_ensemble,leave_island_out,c:\Users\Simen\OneDrive - NTNU\FYSMAT\INDMAT\25H\Prosjekt\Project_thesis\outputs\nested_cv\thr_wing\loio\mlp_ens_results.json,0.11659913773728194,,,,,,,,,,,,,,,,,,,,,,,
thr_wing,loio,mlp_ens_results,5,6,inductive_ensemble,leave_island_out,c:\Users\Simen\OneDrive - NTNU\FYSMAT\INDMAT\25H\Prosjekt\Project_thesis\outputs\nested_cv\thr_wing\loio\mlp_ens_results.json,0.1472368727351088,,,,,,,,,,,,,,,,,,,,,,,
thr_wing,loio,mlp_ens_results,6,7,inductive_ensemble,leave_island_out,c:\Users\Simen\OneDrive - NTNU\FYSMAT\INDMAT\25H\Prosjekt\Project_thesis\outputs\nested_cv\thr_wing\loio\mlp_ens_results.json,0.3594053342797134,,,,,,,,,,,,,,,,,,,,,,,
thr_wing,loio,mlp_ens_results,7,8,inductive_ensemble,leave_island_out,c:\Users\Simen\OneDrive - NTNU\FYSMAT\INDMAT\25H\Prosjekt\Project_thesis\outputs\nested_cv\thr_wing\loio\mlp_ens_results.json,0.36362399932190614,,,,,,,,,,,,,,,,,,,,,,,
thr_wing,loio,mlp_ens_results,8,9,inductive_ensemble,leave_island_out,c:\Users\Simen\OneDrive - NTNU\FYSMAT\INDMAT\25H\Prosjekt\Project_thesis\outputs\nested_cv\thr_wing\loio\mlp_ens_results.json,0.12515103674013314,,,,,,,,,,,,,,,,,,,,,,,
thr_wing,loio,mlp_ens_results,9,10,inductive_ensemble,leave_island_out,c:\Users\Simen\OneDrive - NTNU\FYSMAT\INDMAT\25H\Prosjekt\Project_thesis\outputs\nested_cv\thr_wing\loio\mlp_ens_results.json,0.13685874819940663,,,,,,,,,,,,,,,,,,,,,,,
thr_wing,loio,mlp_ens_results,10,11,inductive_ensemble,leave_island_out,c:\Users\Simen\OneDrive - NTNU\FYSMAT\INDMAT\25H\Prosjekt\Project_thesis\outputs\nested_cv\thr_wing\loio\mlp_ens_results.json,0.07547479711876012,,,,,,,,,,,,,,,,,,,,,,,
thr_wing,loio,mlp_results,0,1,inductive,leave_island_out,c:\Users\Simen\OneDrive - NTNU\FYSMAT\INDMAT\25H\Prosjekt\Project_thesis\outputs\nested_cv\thr_wing\loio\mlp_results.json,0.19476618932579448,0.2589940443699869,mlp,"(256, 128)",0.5923331707173063,False,1.4358989085437927e-05,1.0043261205724522e-07,286.0,mae,adam,off,,,,True,27960.0,,,,,,,
thr_wing,loio,mlp_results,1,2,inductive,leave_island_out,c:\Users\Simen\OneDrive - NTNU\FYSMAT\INDMAT\25H\Prosjekt\Project_thesis\outputs\nested_cv\thr_wing\loio\mlp_results.json,0.2275627316295066,0.2597570086091091,mlp,"(512, 128)",0.40309960345827284,False,6.703217356444677e-05,0.00019676591007665304,180.0,mae,adam,off,,,,True,12131.0,,,,,,,
thr_wing,loio,mlp_results,2,3,inductive,leave_island_out,c:\Users\Simen\OneDrive - NTNU\FYSMAT\INDMAT\25H\Prosjekt\Project_thesis\outputs\nested_cv\thr_wing\loio\mlp_results.json,0.2431187476242391,0.23942806610570228,mlp,"(512, 64)",0.5356073926748062,True,0.00011041595000097999,5.930798729674237e-05,192.0,mae,adam,off,,,,True,12860.0,,,,,,,
thr_wing,loio,mlp_results,3,4,inductive,leave_island_out,c:\Users\Simen\OneDrive - NTNU\FYSMAT\INDMAT\25H\Prosjekt\Project_thesis\outputs\nested_cv\thr_wing\loio\mlp_results.json,0.3575638089411005,0.22847575292858102,mlp,"(512, 128)",0.3809063733450504,False,6.487807594917772e-05,0.0004020209653005288,338.0,mae,adam,off,,,,True,24926.0,,,,,,,
thr_wing,loio,mlp_results,4,5,inductive,leave_island_out,c:\Users\Simen\OneDrive - NTNU\FYSMAT\INDMAT\25H\Prosjekt\Project_thesis\outputs\nested_cv\thr_wing\loio\mlp_results.json,0.09840239730879283,0.2679350268088468,mlp,"(512, 64)",0.38001191188668615,False,3.2796357187803e-05,3.369908824571828e-05,256.0,mse,adam,off,,,,True,18200.0,,,,,,,
thr_wing,loio,mlp_results,5,6,inductive,leave_island_out,c:\Users\Simen\OneDrive - NTNU\FYSMAT\INDMAT\25H\Prosjekt\Project_thesis\outputs\nested_cv\thr_wing\loio\mlp_results.json,0.1846810721295709,0.244896984085243,mlp,"(512, 64)",0.4019073241443804,False,1.3282202107469884e-05,1.875889080092657e-07,120.0,mae,adam,off,,,,True,29596.0,,,,,,,
thr_wing,loio,mlp_results,6,7,inductive,leave_island_out,c:\Users\Simen\OneDrive - NTNU\FYSMAT\INDMAT\25H\Prosjekt\Project_thesis\outputs\nested_cv\thr_wing\loio\mlp_results.json,0.3286469026595211,0.22760174918992035,mlp,"(512, 64)",0.22961803751226373,True,4.095949316602392e-05,5.284086655995148e-05,275.0,mae,adam,off,,,,False,,,,,,,,
thr_wing,loio,mlp_results,7,8,inductive,leave_island_out,c:\Users\Simen\OneDrive - NTNU\FYSMAT\INDMAT\25H\Prosjekt\Project_thesis\outputs\nested_cv\thr_wing\loio\mlp_results.json,0.3935841004230417,0.22493778386264257,mlp,"(128, 64)",0.274208012936424,True,8.844052312003935e-05,2.3669371626119902e-05,279.0,mse,adam,off,,,,True,20720.0,,,,,,,
thr_wing,loio,mlp_results,8,9,inductive,leave_island_out,c:\Users\Simen\OneDrive - NTNU\FYSMAT\INDMAT\25H\Prosjekt\Project_thesis\outputs\nested_cv\thr_wing\loio\mlp_results.json,0.2894599370375634,0.2491329558334666,mlp,"(128, 64)",0.353205255183063,False,4.4637365512915405e-05,0.0006941816980375197,194.0,mae,adam,off,,,,True,13649.0,,,,,,,
thr_wing,loio,mlp_results,9,10,inductive,leave_island_out,c:\Users\Simen\OneDrive - NTNU\FYSMAT\INDMAT\25H\Prosjekt\Project_thesis\outputs\nested_cv\thr_wing\loio\mlp_results.json,0.20770724924071637,0.2612774315674168,mlp,"(512, 256)",0.4178781851738196,False,1.8007901133423746e-05,2.226072670343818e-05,237.0,mae,adam,off,,,,True,23308.0,,,,,,,
thr_wing,loio,mlp_results,10,11,inductive,leave_island_out,c:\Users\Simen\OneDrive - NTNU\FYSMAT\INDMAT\25H\Prosjekt\Project_thesis\outputs\nested_cv\thr_wing\loio\mlp_results.json,0.1712672829074581,0.2596386798200256,mlp,"(512, 64)",0.3366858879250781,False,1.0435169926251465e-05,2.1152202978465663e-07,187.0,mse,adam,off,,,,True,21772.0,,,,,,,
thr_wing,loio,sage_inductive_results,0,1,inductive,leave_island_out,c:\Users\Simen\OneDrive - NTNU\FYSMAT\INDMAT\25H\Prosjekt\Project_thesis\outputs\nested_cv\thr_wing\loio\sage_inductive_results.json,0.16275826949615071,0.2663447941703428,graphsage,"(512, 256)",0.33152356940967453,False,8.663985466326038e-06,0.0003438952653220778,306.0,mae,adam,cutoff,0.8410255250151782,none,False,True,23944.0,,,,,,,
thr_wing,loio,sage_inductive_results,1,2,inductive,leave_island_out,c:\Users\Simen\OneDrive - NTNU\FYSMAT\INDMAT\25H\Prosjekt\Project_thesis\outputs\nested_cv\thr_wing\loio\sage_inductive_results.json,0.2848004470391267,0.2500167615795493,graphsage,"(256, 128)",0.16534467383719426,False,2.7093425692047994e-05,0.00019832898728986271,270.0,mae,adam,cutoff,0.642379962386275,none,False,True,20742.0,,,,,,,
thr_wing,loio,sage_inductive_results,2,3,inductive,leave_island_out,c:\Users\Simen\OneDrive - NTNU\FYSMAT\INDMAT\25H\Prosjekt\Project_thesis\outputs\nested_cv\thr_wing\loio\sage_inductive_results.json,0.23189210469473448,0.24146891917362204,graphsage,"(512, 256)",0.30791284422235604,False,1.1458251647708901e-05,5.679387180342411e-06,147.0,mae,adam,cutoff,0.6168119906342688,gcn,True,True,16318.0,,,,,,,
thr_wing,loio,sage_inductive_results,3,4,inductive,leave_island_out,c:\Users\Simen\OneDrive - NTNU\FYSMAT\INDMAT\25H\Prosjekt\Project_thesis\outputs\nested_cv\thr_wing\loio\sage_inductive_results.json,0.32298137940257393,0.242303400915034,graphsage,"(512, 256)",0.5967354664705996,False,0.0001470696264941899,8.527207880547031e-07,173.0,mae,adam,cutoff,0.6665403454622687,none,False,True,16715.0,,,,,,,
thr_wing,loio,sage_inductive_results,4,5,inductive,leave_island_out,c:\Users\Simen\OneDrive - NTNU\FYSMAT\INDMAT\25H\Prosjekt\Project_thesis\outputs\nested_cv\thr_wing\loio\sage_inductive_results.json,0.06676830496964098,0.262458925969579,graphsage,"(256, 128)",0.33804390035963716,False,4.115808233122935e-05,0.00041088163594328006,309.0,mae,adam,knn,,,,True,21527.0,,,,8.0,False,union,grm
thr_wing,loio,sage_inductive_results,5,6,inductive,leave_island_out,c:\Users\Simen\OneDrive - NTNU\FYSMAT\INDMAT\25H\Prosjekt\Project_thesis\outputs\nested_cv\thr_wing\loio\sage_inductive_results.json,0.13843704005652321,0.25014612462099844,graphsage,"(512, 128)",0.433579031424064,False,1.6383199314790972e-05,3.1011261680762447e-06,156.0,mae,adam,cutoff,0.2965302640576009,gcn,False,True,42350.0,,,,,,,
thr_wing,loio,sage_inductive_results,6,7,inductive,leave_island_out,c:\Users\Simen\OneDrive - NTNU\FYSMAT\INDMAT\25H\Prosjekt\Project_thesis\outputs\nested_cv\thr_wing\loio\sage_inductive_results.json,0.37110822323687553,0.23141103088745568,graphsage,"(512, 256)",0.3560551582145531,False,2.3796345333592902e-05,4.988584257810216e-07,194.0,mae,adam,cutoff,0.8883682836866149,gcn,False,True,26050.0,,,,,,,
thr_wing,loio,sage_inductive_results,7,8,inductive,leave_island_out,c:\Users\Simen\OneDrive - NTNU\FYSMAT\INDMAT\25H\Prosjekt\Project_thesis\outputs\nested_cv\thr_wing\loio\sage_inductive_results.json,0.3785549782341217,0.23605847516234607,graphsage,"(512, 128)",0.3613593680616808,False,2.6963394950145877e-05,9.777781632743716e-07,334.0,mae,adam,cutoff,0.6542208887204395,cosine_then_gcn,False,True,24513.0,,,,,,,
thr_wing,loio,sage_inductive_results,8,9,inductive,leave_island_out,c:\Users\Simen\OneDrive - NTNU\FYSMAT\INDMAT\25H\Prosjekt\Project_thesis\outputs\nested_cv\thr_wing\loio\sage_inductive_results.json,0.2392232202236369,0.2543165039045227,graphsage,"(512, 64)",0.12378520735161166,False,1.8854220527245075e-05,3.5675644549588696e-05,300.0,mae,adam,cutoff,0.43155218055787875,cosine,True,True,20774.0,,,,,,,
thr_wing,loio,sage_inductive_results,9,10,inductive,leave_island_out,c:\Users\Simen\OneDrive - NTNU\FYSMAT\INDMAT\25H\Prosjekt\Project_thesis\outputs\nested_cv\thr_wing\loio\sage_inductive_results.json,0.15180327091220336,0.27586150404895976,graphsage,"(512, 64)",0.3238690408437778,False,1.8241234205468604e-05,1.1738130966353397e-06,273.0,mae,adam,cutoff,0.34386525045561417,cosine,True,True,23563.0,,,,,,,
thr_wing,loio,sage_inductive_results,10,11,inductive,leave_island_out,c:\Users\Simen\OneDrive - NTNU\FYSMAT\INDMAT\25H\Prosjekt\Project_thesis\outputs\nested_cv\thr_wing\loio\sage_inductive_results.json,0.14032918935155725,0.26023744066706217,graphsage,"(256, 128)",0.44000792797435073,False,2.372022057145561e-05,0.00022909899900966049,324.0,mae,adam,knn,,,,True,25403.0,,,,10.0,True,union,grm
thr_wing,loio,sage_results,0,1,transductive,leave_island_out,c:\Users\Simen\OneDrive - NTNU\FYSMAT\INDMAT\25H\Prosjekt\Project_thesis\outputs\nested_cv\thr_wing\loio\sage_results.json,0.2187132712574491,0.25885310694008806,graphsage,"(512, 128)",0.37364207116082243,False,8.572441266454076e-05,4.691195206914771e-06,296.0,mae,adam,cutoff,0.49157898999687766,none,False,True,24248.0,,,,,,,
thr_wing,loio,sage_results,1,2,transductive,leave_island_out,c:\Users\Simen\OneDrive - NTNU\FYSMAT\INDMAT\25H\Prosjekt\Project_thesis\outputs\nested_cv\thr_wing\loio\sage_results.json,0.24134558595828806,0.25766523329633995,graphsage,"(256, 128, 64)",0.5579152281331473,False,4.904070396370811e-05,0.0001019611800003656,221.0,mae,adam,cutoff,0.6643672157872661,gcn,False,True,11191.0,,,,,,,
thr_wing,loio,sage_results,2,3,transductive,leave_island_out,c:\Users\Simen\OneDrive - NTNU\FYSMAT\INDMAT\25H\Prosjekt\Project_thesis\outputs\nested_cv\thr_wing\loio\sage_results.json,0.2614883665681604,0.23654047498749642,graphsage,"(512, 256)",0.2534212378547751,False,0.0005870127191770604,0.0001748510823485255,215.0,mae,adam,cutoff,0.2533316014156782,cosine,False,True,14833.0,,,,,,,
thr_wing,loio,sage_results,3,4,transductive,leave_island_out,c:\Users\Simen\OneDrive - NTNU\FYSMAT\INDMAT\25H\Prosjekt\Project_thesis\outputs\nested_cv\thr_wing\loio\sage_results.json,0.3027666923311527,0.23605680100385049,graphsage,"(256, 128)",0.5887160426301349,False,1.4869344717502167e-05,1.554139282804815e-05,331.0,mae,adam,cutoff,0.8212254892664587,none,True,True,17952.0,,,,,,,
thr_wing,loio,sage_results,4,5,transductive,leave_island_out,c:\Users\Simen\OneDrive - NTNU\FYSMAT\INDMAT\25H\Prosjekt\Project_thesis\outputs\nested_cv\thr_wing\loio\sage_results.json,0.07787672754952323,0.2689626713658948,graphsage,"(512, 128)",0.5058077023280851,False,3.3147383004230774e-05,1.281767371625921e-06,212.0,mae,adam,cutoff,0.7059956400645727,none,False,True,19465.0,,,,,,,
thr_wing,loio,sage_results,5,6,transductive,leave_island_out,c:\Users\Simen\OneDrive - NTNU\FYSMAT\INDMAT\25H\Prosjekt\Project_thesis\outputs\nested_cv\thr_wing\loio\sage_results.json,0.1621644858893514,0.23878720565555325,graphsage,"(512, 64)",0.34257038047173866,False,1.0329130465447436e-05,1.2577735025832378e-05,213.0,mae,adam,cutoff,0.25227482876021534,cosine_then_gcn,False,True,40584.0,,,,,,,
thr_wing,loio,sage_results,6,7,transductive,leave_island_out,c:\Users\Simen\OneDrive - NTNU\FYSMAT\INDMAT\25H\Prosjekt\Project_thesis\outputs\nested_cv\thr_wing\loio\sage_results.json,0.3436898907257424,0.23034229767127332,graphsage,"(512, 64)",0.402884107479588,False,1.0548375091271351e-05,1.7110548296272592e-05,119.0,mae,adam,cutoff,0.7520941361597588,gcn,False,True,27867.0,,,,,,,
thr_wing,loio,sage_results,7,8,transductive,leave_island_out,c:\Users\Simen\OneDrive - NTNU\FYSMAT\INDMAT\25H\Prosjekt\Project_thesis\outputs\nested_cv\thr_wing\loio\sage_results.json,0.39171163336679987,0.23108615936600177,graphsage,"(512, 128)",0.15796779425552754,False,7.5712064215639e-05,0.0006973494354117829,335.0,mae,adam,knn,,,,True,22462.0,,,,5.0,True,mutual,grm
thr_wing,loio,sage_results,8,9,transductive,leave_island_out,c:\Users\Simen\OneDrive - NTNU\FYSMAT\INDMAT\25H\Prosjekt\Project_thesis\outputs\nested_cv\thr_wing\loio\sage_results.json,0.1638873556724441,0.2508736628282517,graphsage,"(512, 128)",0.19209704437338682,False,5.882442269814797e-06,1.6899024845015e-05,313.0,mae,adam,cutoff,0.3149466514245751,cosine_then_gcn,True,True,17979.0,,,,,,,
thr_wing,loio,sage_results,9,10,transductive,leave_island_out,c:\Users\Simen\OneDrive - NTNU\FYSMAT\INDMAT\25H\Prosjekt\Project_thesis\outputs\nested_cv\thr_wing\loio\sage_results.json,0.20681907045442216,0.2719713744971476,graphsage,"(128, 64)",0.20123953820699156,False,3.05200552222365e-05,1.6496150268963671e-07,201.0,mae,adam,cutoff,0.7971298648614172,cosine,True,True,19441.0,,,,,,,
thr_wing,loio,sage_results,10,11,transductive,leave_island_out,c:\Users\Simen\OneDrive - NTNU\FYSMAT\INDMAT\25H\Prosjekt\Project_thesis\outputs\nested_cv\thr_wing\loio\sage_results.json,0.12680543398203376,0.2660970573650682,graphsage,"(512, 64)",0.2206030462899593,False,2.3925672688608943e-05,2.665736189157536e-07,332.0,mae,adam,knn,,,,True,23300.0,,,,5.0,True,mutual,grm
